,transform
117378004jjhfss,1
11736500yeftny,1
11736200fvnnp0s,1
117367009kkbwvx,1
117363008g6xc9u,1
117365003f15ios,1
11737700by1321u,1
11736200g55mfou,1
11737100bc0weeu,1
11736300bi7mniu,1
11737000ennygiu,1
11737100g7dwbhs,1
1173660020rdqdu,1
11737400bxfo3fx,1
117372003270slw,1
11736300bk8ojgx,1
117372007ofgoku,1
117362004e04pgs,1
117368005ldtg2s,1
117371006hjmsjs,1
117366009fwiavu,1
117377001gyy45s,1
11737500dj581ku,1
11737100b99g5fs,2
11737000cd7i9es,1
117370005csq9gx,1
11737500bxd3wus,1
11737700d30zuhs,1
11736200d4d0v2w,1
11737100dc8gsmu,1
117362009kuu4dx,1
117365006fy6xlw,1
117376006k52tiu,3
11737100eidb5ps,1
117364003fy5m5s,1
11737300dlv6h1s,2
117362002j9fptu,1
11737600a62i65s,1
117362001leeps,1
11736200csr46ns,1
11737700f7fz9fs,1
11737700ec5conx,4
117371009nin0zs,1
1173660013mkr9s,1
11737100d0ls19x,1
11736700d8ggu8s,1
1173700090s5n3u,1
117369001vdz7ns,1
11736700bw60mx,1
1173730054ld9yx,1
11736200eds3pbu,1
117362005e38vfs,1
117363004g3i4iu,1
11736500chx2mjs,1
11736200ag0xmis,1
1173620078m0pzu,1
11736800axyfgus,2
11736600f6eu40s,1
11736700bkq2kex,1
11736300dlz91nx,1
117377009z7e38u,1
11737200c7w4q2s,1
11736700nmmeux,1
11736600owgnax,1
117369008fe6k2w,1
117372009a2v4au,1
11737100e961wju,1
11737100964ko5w,1
11737700fwh5jgs,1
117372009lhzfcu,1
117372009v558s,1
11737700dtm138u,1
1173680016kg9x,1
117362006rmpp4u,1
11737400dbv319u,1
117363007lrza3s,1
117364003iwohos,1
11737700g01gaqu,1
117371009t439xu,1
117377003vk4fou,1
11737700g0vgjjx,1
11737200moio0s,1
117362005iqf0gs,1
117363003nfvmqs,1
1173620085bqrs,1
117363009jexy1u,1
117367001o8s4hu,1
11736500cqdtas,1
11737200eik79fu,1
11737000axbqd4x,1
1173770074rqa9s,1
11737500cgqirgu,1
117372008hcwz4w,1
1173700031dw6bu,1
117371003fzvr4s,1
117367009xv5eiu,1
11737700c8mu3nu,1
117362004820dds,1
11736300ai8e1py,1
11736200cs5tuiu,1
11736900d4y81fs,1
11737700cetias,1
11737700a355b0s,1
117370007fluux,1
117369005gsuics,2
117373003mm7kgy,1
11736200ef41geu,1
1173700010d9usw,1
11737700dzhzo2w,1
117369005f8d3cu,1
117372002wcpups,1
117366009phdd4s,1
117371004vxyb8u,1
117371003ig6b6w,1
11736600gc1iyzs,1
11737400942757u,2
117363001ylpo1y,1
11736300elvvasx,1
11736800evs3h2u,1
117371007jdih3u,1
117362004u7kpmu,1
11737400ftx835s,1
117367004mxv7eu,1
11736300284mo9w,1
1173660034zs41s,1
11736600dhablju,1
11736900aspbax,3
117372009rmie4s,1
11737700epvhzgw,1
117378004lzze0u,1
11736600eideveu,1
11736200eje2f4u,1
117370004rvjzgw,1
11736700ftlbpxs,1
117367008y9foix,1
117362007zlg9es,1
11737500f5alnkx,2
117375001j4g97x,1
11737100e58712u,1
11736600cg96rvu,1
11736200auhwcqs,1
1173660074ccy8s,1
117367006eegl4s,1
117377008oxsbzu,1
117377009frkkou,2
117374009j78uax,1
1173670069uh1ix,1
1173720045ykd4x,1
11736200a1x49ax,1
11737200gglpeux,1
11737700d6pdbtu,1
117364005pwwbus,2
11737800f3evh7x,1
117365003z6z8au,1
11736200d1vc5wu,1
11737000dl6j5ix,1
11737100e0p1w5u,1
117366007cmndmt,1
11736600c0lyzou,2
117362005gayzju,1
117362002aniazu,2
117365006o326js,1
117377002l7f6ds,1
117365002hbsywx,1
117363005e9fcss,1
11736500amtfg7s,1
117370006r8471u,1
117362002vcjzly,1
1173680066mjl8x,1
117378003qb3sbx,1
117366007jaxx2s,1
11737300eumr7cx,1
11737100ehlsbfs,1
1173670056tbclu,1
117377008rkqqns,1
11737000g1a16xu,2
11737600b0wjqps,2
117362001dlzxou,2
117370006kvobs,1
11737700cgjnyqu,1
11736800anddj2u,1
11737700dyqzqbu,1
117377001ob42as,1
11736500c001qds,1
117362007s65bvs,2
1173750019d4p8s,1
117365001o9mwqu,1
11737700qsnmau,1
117372003l3k3px,1
117362005gl1boy,1
117372003rusyww,1
117377005lzxgzs,1
11736700cpdrblx,1
11737700b1q020u,1
117362006jcq8u,1
117362001byno5s,1
11737800e9a4juu,1
11736600bsoyhyu,1
11736800chezajs,1
11737700ejvq2au,1
117368002k4burx,1
117370004pmyr1u,1
1173710077y7rku,1
11736600bqsr9wx,1
117365006dvtgmu,1
117375005a4a20u,2
11736800brwcbyu,1
117362003brs9bu,1
11737800ex7r2ju,1
11736900awcdkqs,1
11737700bpr21gu,1
11737800ekan8ou,1
117365006g4lyyw,1
117371006k6dclx,1
117374006lugdnu,1
117371002kzm7as,1
11736500cit8bvu,1
117372008tlti0s,1
117362001xz05hx,1
11736200czo6s8u,1
1173770053e35ju,1
11736200fbt411x,2
117369008psesbx,1
11736300arm7gts,1
11737000720z17s,1
1173630099r6rdw,1
11737800cjtczrx,1
1173740097xd2lu,1
11736200gicyvas,1
11737100cezxnjy,1
11737200dphefos,1
117362004ntzwjs,1
117368008t9tofu,1
117362009x23zs,1
11737700des46cx,1
117372005ejires,1
11736600d89e5dx,1
11736200d2bxv7x,1
117363005wbpukx,1
11736600g02l0cs,1
11736300a8g10ms,1
11737100epc7oow,1
1173670010b4lus,1
11736700ctu5amu,1
11737500b1h4l9u,1
11736200687ynlu,1
117368006go4d0s,1
11737000e556q1s,1
11736300bpitqdu,1
11736600csrwmlu,1
1173620028xldfx,1
11736200d8cbzgu,1
117377006s3febw,1
117366008t18xyu,1
11736900aqmsnes,1
1173770021nv7fu,1
117366001hmpi1s,1
11736600ex5hktu,1
117367008wkngms,1
117367007c7vy1u,1
11736500a8dgb7u,1
117377002k09gpx,1
11737400ez5uq8y,1
117377001wapeu,1
117366008agvau,1
117376008lpm1is,1
11736600cer114s,2
11736700f6egupx,1
11736700aqqrmwu,1
117377005j35rcu,1
117367005x4vs7w,1
117362006bddlhs,1
11736800733ay1s,1
11737700eveu0ku,1
11736700dlv1los,1
1173720077w956u,1
117369006e7tg6x,1
11736500tvnykw,1
11736600aypqrcs,1
11737400br5n6vs,1
11736900fy471ms,1
1173710069ipnqu,1
117367003xzdnlx,1
11736300cp5m2fx,2
117367002o75a5x,1
1173750056i62gs,1
117371005kutbws,1
11736900bfeg9ns,1
11736600bjxu1hu,1
11736600b2y9p3w,1
11736200ci4yt6s,1
11736600d4mia6u,1
117370001z9s9au,1
11736600ez5hxks,1
117366009apkzuw,1
117372008psetox,1
117365005vy0tys,1
117372001mq4j9x,1
117369003uya8vw,1
11736900688690u,1
11736200ekusf8s,1
11737700b4k6x6s,1
11737500gdfw5rx,1
1173740096op0ou,1
11736500ghh34yu,1
117372004g8ah7x,1
11736200er2l1lu,1
117371003naepdu,1
11736200aixidvs,1
11737100ddo1fzu,1
117362003blhbfx,1
11737600axc6hos,1
1173670088bkufu,1
117362001jpuz9u,1
117373004m3243s,1
11737700gbkdn3x,1
11737700edz5wxu,1
11736200aza3c8u,1
11736700dv9lkyu,1
11736200djysmms,1
1173630017ev3ku,1
11736300fvv7n5u,1
117362009ejn17u,1
117372009r55b8u,1
11737500fkcsmky,1
11737100b0moq3s,1
117370004862txw,1
11736200ph4vzu,1
11737200g842egu,1
11736900c98kmru,1
11736700b37xe9x,1
117370005lad1dy,1
117371002pe3n9u,1
11737100g73ncxy,1
11736600ejk4hes,1
11737300f5qc2wu,1
117362005klhzzu,1
11737100ebgvr6u,1
11737400djwfmnw,1
117375005igfhix,1
117369009cork6u,1
11736700bwq1mau,1
117368006lt3hru,1
117366008ibf5lu,1
11736200120y1ys,1
117366006ghs8au,1
117367003zt1yys,1
11736700cgywkfs,1
11736500cqsbyyw,1
117370009offpnu,1
11737000cj2uvs,1
117362009w501hx,2
117362003u6lz4u,1
117377008ji3wzs,2
11737100dz09b0s,1
11737000bbl1gfx,1
11736500ffj3ncs,1
11737100vdwbku,1
11737000by8e8fu,1
11737000b3e50nx,1
1173720094615ps,1
11736800bkyn3ix,1
11737100fzne30s,1
11736700fh556yw,1
11736600alnnqhx,1
11736200f533kox,1
1173720049pfcis,1
11736200fz2ivms,1
117362004js19ps,2
117363009lwfk5u,1
117376003hk0vyw,1
11737700fplaefu,1
11737300datd8lu,1
11737700cevv6ys,1
117367004wkz37u,1
117369005l3abps,2
117369009443lju,1
117367005g8ednu,1
117374008q3h5ts,1
1173770085ezfqu,1
1173690074n2qms,1
1173770050mmd1y,1
117377008j7cvmw,2
11736200gtu2zs,1
117362005pqym0s,1
117368006qs27jx,1
117366007yd29s,1
11737200be39zou,1
11737700egkx2gu,1
117362005i0hiyu,1
117367005cfv4xx,1
11737100683p1ku,1
117377004tlwhds,1
11736600d2680pu,1
117365008mmevzu,2
11736800b9vizwu,1
11736200czq1b7s,1
1173710096g49vx,1
117375006css6lu,1
117362009ylit5u,1
11736600lqyrox,1
11737500f8zct8s,1
11736700372sydx,1
117376001em70bu,1
11736700ggknl4s,1
11737200g195k2s,1
11736200erjq3xs,1
117369004gv1kks,1
117367003kyewss,1
11737200f1psf3x,1
11736900gh76p0s,1
1173770080udofs,1
117377005vxt4rx,1
11737300cmtkn9x,1
11737100508i1ku,2
11736700b9o8ljx,1
1173660034c6jws,1
11737600a5a05yu,1
117377008z1hnew,1
11737200b0ushws,1
11737000d9v7zs,1
11737100g571blw,1
117366005ek1h3s,2
117367002yx4uaw,1
1173760058hyzzu,1
117362003cm4lgu,1
117377005fexg9u,2
11736200c2uf1mu,1
117363004703dzx,1
11736200cqi20eu,1
117371008f2xpcs,1
117366007wkwpjs,1
117371009s1bwfs,1
117377005o583lx,1
11737500doc9bx,1
11736900cujck4w,2
11737700b1j51hu,1
117362006h4rqjs,2
117362007h2cuhx,1
117362001janr7u,1
117370006jpfozs,1
11737100cqyqzns,3
11736600f50qq1x,2
117377008vtrwiu,1
117366003m0rquw,1
117374009mlmmns,1
11737600f759e4u,2
11737800aqt888s,1
117363005tqp31y,1
117372005f0ke4s,1
11736200dokvw9s,1
11736800egvtx8s,1
11736600bot2sdu,1
117377005sxf20u,1
11737300cfhj5ku,1
11737800beslenx,1
11736200ajayqiw,1
117373004tn7gns,1
117367001czh3lx,1
11736500gfl2wkx,1
117374003336xrx,1
117375005r03q7s,1
11737100b0p0u0s,1
117365007qrxnux,1
11737600auhx4es,1
117367007b3l72u,1
11736500159wrvx,1
117362008724u9u,2
117377001fr5amu,1
11736600dvnasju,1
11736200ifytxs,1
1173700020laaru,1
117363006hm6igu,1
117362004yvucus,1
11737000ffcp0js,1
11736200966lcvs,1
117369002pjkzyx,1
117376002xsv2gu,1
117374005b1x6ys,1
117371003ndu5xx,1
117376002ezn1wu,1
117367009n8iku,1
11737000d9o9sju,1
11736200bwrsn1x,1
1173620062swx5u,1
11736200f4zb2u,1
11736200b291nvu,1
11737000eimhyru,1
117372004qe6plu,1
1173690051l3wjs,1
11736200btzuftu,1
11737700e9d5als,1
1173770084d2b8s,1
11737100eboppws,1
117362008rba5uu,1
11736500boqququ,1
117367008kmlrex,1
117372001c5va0s,1
117367004h718ax,1
11736600gebaslu,1
1173770076d6w7s,1
11737700az4w23x,1
117372002rfajks,1
11736500b0j66uu,1
11737800cyngg5u,1
117375003krziou,1
117377008cfjzpu,1
117363008v8bw0y,1
11736200p218qy,1
117377009s86vmu,1
1173740020n0x5u,1
11736200sp10hs,1
117368003cn6i4x,1
11737000d6vwkpx,1
117374005fcyr5x,1
11737600b9us52u,1
11736700cjekf9s,1
11737500eccn08u,1
11736900bu3nkos,1
11737200dy9lssu,1
11737700ikmimu,1
11737500bhk1vvu,1
11737200b1go6iu,2
117372008raup0w,1
117377005zecejx,1
11737100bsq1u0u,1
117377001mfmkfs,1
11737800fb10auu,1
11736800chutcfw,1
117366008jz07qx,1
11737000302pvex,1
1173660096wy8xu,1
117366004zbgyhs,1
11736700596jgu,2
117365006n46ns,2
11736200e7q7dru,1
117363003aetjqy,1
1173670022l3s6u,1
11736300eu684eu,1
11736300d1jnv9s,1
117378003qnylps,1
117362002z7vhju,1
117377007kuikfs,1
11737000cf8j47u,1
117366005ceupgs,1
117370008myeqvx,1
1173770070faczx,1
1173630031h40kx,1
11736200em4ye5u,1
11736200ci9ucau,1
11736600gcxp3ns,1
11737200c2taxwx,1
117370009cum1zs,2
1173620038enl4u,1
117366008m2s2pu,1
117372002pm73ns,1
117370006zfhoiu,1
117367007n26s7u,1
11737100a0m6pys,1
117366003m5kfsu,2
11737400d07ug0u,2
11736700fhlnfus,1
11736600avgqgyu,1
1173700055miibs,1
1173620059teibu,1
11737700up136s,1
117371006y1m44s,1
117377008e878qu,1
117369001hh62cu,1
11737700gcszjjs,1
117377002nb2zfy,1
11737000xt69ls,1
11737700fp0puyu,1
117363006q0e59x,1
117377005pj6sou,1
11736500co0hi4u,1
117376002yinp3u,1
117377009offqcx,1
117366004rbylos,2
11737400d0w49x,1
11736700at8554s,1
117362001gg6wuu,1
11736800904y8ix,1
11737500b84cmus,1
117363005c1hwks,1
1173650042c2fjs,1
11736900epin43u,1
117367004dfvfs,1
11737700g2xdqjx,1
11736700dem77u,1
11737000cm6wd7s,1
117375004rjlo9u,1
1173780085kjrdw,1
117362002u7nn5s,1
11736300bbw6reu,1
11737600bp9hahs,2
11736200cxmizix,1
117365009hummvs,1
1173720048yawwu,1
117362006941dju,1
11737600elvwjbs,1
117378002078yas,1
117377005sf4b1s,1
117363001rab1hu,1
117372003jb0q1x,1
11737600bf50nts,1
11736800m5daiu,1
11736500dpzpgwu,1
11736700c4mzv4u,1
11736700eg3ru3u,1
117367009wkfkxu,1
1173770038ppvqx,1
11737600foovzqs,1
1173630045jrwhw,1
11736500f7gn5kx,1
11736900e7rx59s,1
117362001xrplqs,1
117371003mywv8s,1
11737700dw70p5x,1
117376001neo9qy,1
117367003ujhr1s,1
11737500geds9hu,1
11736600624ll6s,1
117376008mbhb8u,1
117377002oqv8ku,1
117377008x1hu9u,1
11737600b0oj75u,1
11736700ay2j0bu,1
11737500evttuhw,1
11737600714icu,1
117362008dyizlt,1
11737600973aj3u,1
11736700ccwsaos,1
11737800e28ogns,1
11736600c2lp0ps,1
11737100a9fl1eu,1
11737000amzpjms,1
117362001rs2fiu,1
11737000by7r31u,1
11736700bsuodys,1
11737100br9tytx,1
117368005whmcau,1
117367005af02bu,1
117370008k5nicu,1
117376003y3oacx,1
117363003csk0bw,1
1173720048wnt4u,1
117377001blbqrx,1
11737000eqjad3s,1
117377006jt3o3s,1
117371001zyzpix,1
11736900agi2xfs,1
117373002luhehx,1
11736200ebadi4u,1
117366009l5scpx,1
11736300cwuxvgu,1
11736500fcwy3uw,1
11737700ds6l8gu,2
117373004aseq8w,1
1173670088xqres,1
117366006g34ebu,1
117374005lh0a6s,1
11736300b8731ks,3
11736300cvsliqu,1
117377001jftgau,1
117372007iwlcou,2
117370007j24ps,1
11737700b9ajzvx,1
1173720043kvdw,1
11737300bqm1qau,1
117373008p8xfex,1
11736500cr5mutu,1
11737200cj3uk2w,1
117372004rtdwks,1
11737600cokizrs,1
117365009r13xeu,1
117377009pyilou,1
117373003n47z8u,1
117367005swk92s,1
11736700b1gscwu,1
117367001unpdys,1
11737800dlh0y5u,1
11737100486bg6s,1
11736900bz86pms,1
117368008mes5vx,2
117366001ib34nu,1
1173640039g682s,1
11737000bch7mts,1
117371002sik57u,1
117367007qii6eu,1
11736700en3exuu,1
11736900cn21lnu,1
11737400aafgjls,1
11736700d6tislu,1
1173670052j7akw,1
11736700x3lnnu,1
117375003rwqdpu,1
11736600cpm3hdu,1
117363005088mju,1
11737300czwd3cu,1
11736700zxfpls,1
11736300awolocs,1
117374004xrmahy,1
117376006zhed9u,1
11736600dc5zwqu,1
11736800yr6sqs,1
117362008t1qhwu,1
117362004y5f1lu,1
117370009t4re7u,2
11736900fubovrx,1
11736700ec6kl3s,1
117366005qamixu,1
117377008ona46x,1
11736800blj7y7u,1
11736800f20yabs,1
11736800art4q7s,1
11736700ginycou,1
117362006ble42s,1
117377008z1pafs,1
117370009z0qnau,1
11736800a34myru,1
1173680075lyp4x,1
117362003fu2cfu,1
117378003ynh2ou,1
11736800b0euj1u,1
11736200b7ffm6u,1
1173700037bkb5s,1
117372009vu99wx,1
117365006tl0mmx,1
11737100uaw4bu,1
1173720023e205u,1
117369001bk7x0s,1
11736200c16ocgw,1
117369009wrydds,1
11737100dl0xbvx,1
11736600e7ne9kx,2
11736700c9ve8mx,1
117377001wl91vu,1
11736900eowbsqs,1
11736200eqtzfjs,1
117377003js6zwu,1
11736300pz2ciu,1
11736700d50ku0s,1
11737400fcdcehs,1
11737600enbbxcs,1
117363006gqwqtx,1
1173770027icfqs,1
11737400g71i68u,1
117367004zulsis,1
11737400cfnj7hs,1
1173760050m6f3s,1
11737700ew8xmvu,1
1173770059upsrw,1
117363006lnyn7s,1
1173630015lo4nu,1
11737400asvejjs,1
117377003khv78u,1
117366003e4saox,1
11737200eeeouwx,1
11737100cx3r4ku,1
117366003cw9bcs,2
117378008gb3zju,1
11736300c7sdieu,1
117377001brj8lx,1
117365001uc94ju,1
117363007et4nix,1
11737100b7etelx,1
117367006m4g4us,1
11736500f9ztp7s,1
117368003g0ajqx,1
117370003sn4pru,1
11736200bvz5pox,1
117375001lnbxpx,1
11737100degu70s,1
1173660030zslds,1
117376005wepcms,1
11737000bdmk51u,2
11737500djzyees,1
117371002tvu2rx,1
11736200f18nv1x,1
117372003s7wl6u,1
117377003wz4utx,2
117365002rkge8x,2
117370004opyh8u,1
11736200dagiaux,1
117362003jn1j2u,1
11737100f4j9hru,1
11736300dkm4txs,1
117370001icazx,1
11736200szhwty,1
117366005wqlfvu,1
117362006gln1ax,1
117362003ie13my,1
117371007mye4zu,1
117362006sw4nlu,2
11737000eoy2n1u,1
11737100fwoenxs,1
117366003sxtcau,1
11736600djjf69s,1
117366004wqvoxs,1
11737300bvjy1dx,1
117362006fft4yu,1
11737700eaix5hu,1
117365003u3ajis,1
117377003hrbf6x,1
11737100ferly3s,1
117367002u8owvu,1
11737700axi538x,1
11736700dpdmqbx,1
117377001v7rltu,1
117362008tdwjps,1
11736700atryqqx,1
117370004ff7j7s,2
117377008xgh3lu,1
1173670057qfqcu,1
117377008bmj1ks,2
11737700ag3r2iu,1
11737500fcak4ns,1
11737100b1p8ubs,2
117376008q6sqwu,1
1173710014cnrou,1
11736200a5ijtau,1
11736200chfom3s,1
1173730087sap0u,1
117365009mhc8is,1
117370008g61r4w,1
11736200fzwazhs,1
117362004tbhbgu,1
117376002gf0g7u,1
117366004o87whs,1
11736600g154xcs,1
1173690015yqtyw,1
1173620060mhths,1
11737600cfsolzu,1
117362005ifwuzu,1
117375005x0tmbu,1
11736700rfsjks,1
11736700apwo09u,1
117376007ykufs,1
117376009ssz9qx,1
117371001h657lu,2
117368007s0hpou,1
11737000b6piuyu,1
11737700g84xyyx,1
117372001ldc9ms,1
117365003f8ftpx,1
11736200b1ca76s,2
11737100gj9jo2u,1
11737300333ua2u,1
11737200fzisres,1
11736200fy9d2ix,1
117363004qrp22u,1
11737200frf3mcs,1
11736200d2bxpiu,1
1173750057ldems,2
1173750060i6ofs,1
117367009a4d48u,1
117370003kbhoju,1
117372003qwdn2s,1
11737000b4zt0qu,1
117367008xdh1sw,1
11737200dufknpx,1
11736300g3j0wkx,1
117367008vitd1x,1
11736200662e4iy,1
117368004dn218x,1
117377008guclzu,1
117376006kj3p2u,1
11736200dsyluy,1
117370001pswtfu,2
117370008jzngnu,1
11736600cp4b1px,1
11737500d82qv4x,1
11736700bxyxutu,1
117367008r05nhu,1
11737200tkxkfu,1
11737700a640bgx,1
1173660067uvzeu,2
11736200e1ef7ts,1
11736500f2txzx,1
117376002koions,1
11737000fhqcibu,1
117364002t3bp9s,1
117377007yw8jw,1
1173670048toxhs,1
117375001rig5nx,1
11736200798pxex,1
11736300gcrhk5u,1
11737700bcnmczx,1
11736200pqa34u,1
1173700068vjequ,1
11736200bt5v2x,1
117366006cwvncs,1
117366007fubvtu,1
11737700b08mqix,1
11736600b1jwoxx,1
1173770010rnjis,1
1173630082s14cu,1
11736200ggp7tdu,1
1173660020s61rs,1
11736200dtroins,1
11737100cd23xnu,1
117371004v0zmts,1
117375003onx4tx,1
117362004rwhiex,1
117372006abuycs,1
11737600ffw4yps,1
117366006mdnxly,1
11736200dkyoz3u,1
11737700fd40v6u,1
11737200ed5w79x,1
117371009bx4k0u,1
117362009lfwbeu,1
1173700011gbc1u,1
117366009l2repu,1
11737200bo4fglx,1
117364005t3s9pu,1
11737200ez4d48u,1
1173770097uq5uu,2
1173710061va9dx,1
117376009uycrds,1
117368002kvb0xw,1
117362007thsczu,1
117366009dmudbs,1
117365001puncrx,1
117375004650o8x,1
117369001w135vs,2
1173620017xi5iw,1
117365004qg79nu,3
11737700dnalz6s,1
11736500dn6c0cs,1
11737000b7m3tpu,1
11737000cpop0ix,1
117363002790qqu,1
117371009y4rwjx,2
117368008wb3xrs,1
11736300b9l8iyx,1
117362004gtlcmu,1
11737200c0dei7u,1
117362008xbbxuu,1
117367001enwuqs,1
117370001rrjb7u,1
117377001njw34u,1
11737600cwrzh4s,1
11736500dljouls,1
117362003lw2dgs,1
11736500f5q9xnu,1
117372009cqjosw,1
117370006yqvvns,1
1173720025h23mu,1
117362006ysspus,1
117365005bv2f3s,1
11736400bmfkudu,1
11737000cw8gwjx,1
11737700ewtr9ns,1
11737000fppksat,1
117376009zrxncu,1
117372007r6cpsu,1
117370004pyq7mu,1
117377001fj7c6s,1
11736500bws3h5x,1
11736600fklfwos,1
117362002ofmssu,1
1173760059dsavu,1
117367004txl5zs,1
11737000cdgf8vs,1
117366002v8hplu,1
11736200dd2fx4u,1
11737000a0udq9s,1
11736900dl4e07x,1
11736200buxvk9s,1
117363007iql0ex,1
117367001skhtgs,1
117362006pin8ms,1
117376004d3gxqs,1
117371008oz1o1u,1
11737700csbrslu,1
11736900ancxvcu,1
11736700zh4yey,1
11736700d6a3u7u,1
11737100120omas,2
117373005kmpks,1
11736900ezwfr6x,1
11737100du77ogy,2
11737800gesg3xu,1
11736200d912fsx,1
11737600203x8su,1
1173660035paizx,1
11737800fbaghds,1
117363004ce5pgu,1
11737600fn27c6x,1
11736500f6hpbgs,1
117367002si3wcu,1
117369003hhcq4s,1
11736900fexuvss,1
117365005799oyu,2
11737700f1oyodx,1
1173770029qi33w,1
117372009umk1yx,1
11737700gagjdqx,1
117371006lwpsps,1
117377008ldedax,1
117362001jcsakx,1
11737100dmaea4s,1
117376004i9um5s,1
117377006e6ep6u,1
117370009zd0xiu,1
11737100bruuadu,1
11736700g3w4his,1
11737100eb1swxy,1
11737700fochwjs,1
117377003p4bkls,1
117367008jywlbx,1
117376003wf7ths,1
117376003aubx3u,1
11736700eguiiu,1
117362009959yts,1
1173670056pgi0s,1
117371004f2q7ey,1
11737000o4xa1s,2
11736200g1kbkru,1
117377008ha6wvs,2
11737200d0g05ou,2
11737700a3fk6s,1
117374002jwe3ws,1
117370001gwwrbx,1
117374002nnq95u,1
117362008zswk4s,1
11737200lbirru,1
11736200ghiqotu,1
117363003z26m3s,1
11737700dugo3eu,1
117376008ds6jws,1
11736200c894x4s,1
117368007ujg1qs,1
117377003l4mscu,1
11737600dv966vs,1
117370005koiz5s,1
11737100ay2koyx,1
11736700affms9u,1
11736200c3v5hys,1
117373005xa1fxx,1
117377007vguxx,1
117366009o7ytps,1
117362006gln4gu,1
117376006wyy90s,1
11737000b08yv6x,1
11737700dj7koou,1
1173630096jjpyx,1
117375005mcqfcx,1
11736200etzlpgu,1
11736500fg2keow,1
11736700frrtqws,1
11736300162pqkx,1
11737000c77mcau,1
11736500epezyqu,1
117363002790tsu,1
117362009ovtguu,1
11737200besl6nx,1
117365005iowzax,1
117371004jyc1is,1
11736900fgq4gix,1
117377007p579ou,1
117366009dicc3s,3
117367004yh8xdx,1
117365001wvk87u,1
117371003tbt3gs,1
11736300b2njenu,1
117369003blketu,1
117362004wcqhlu,1
117378009ejfe8u,1
1173770057w38xs,1
11736200d486nqs,1
11736200421c6zw,1
117365008bgqmpy,1
11737200gj8vxnw,1
11737000a75fb3s,1
1173740037dbo3s,1
117367003q7flxu,1
11736200a4lsjhu,1
117369005vul53w,1
11737700a2zkmtu,1
117371001zdl5nx,1
1173620020rpqsu,1
117371005qd7asu,1
11736500bpk3m9s,1
11737700bdui9fy,1
117377007psfxbw,1
11736200ebciynu,1
11736600axf91ru,3
11736300ekgq39u,3
1173770046mdjyu,1
117367008garheu,1
1173660097j4s3s,1
117376001qifo7s,1
1173740045lxqew,1
117363004umsb0u,1
117368007cr5yax,1
11737100fbw5hvs,1
11737500a4fd1tu,1
11736200g77mzxu,1
11736700673hg5u,1
117368001rcg66u,1
117371002eotuzu,1
117363008gxq8cx,1
11736200cpsc5ru,1
117374006a6a0gy,1
11736700368sxgs,1
11737200b4dpl8y,1
11736400b0pgzgu,1
117372003sez4jx,1
11737400fgwczzu,1
1173770018q0khu,1
11737700biwaots,1
11736200gjcyq5t,1
11736400ef11r6s,2
117367009ol7vdu,1
117371005jxkkbu,1
11737100d86dqyu,1
1173760092wlc5s,1
11737700622s7kw,1
1173770070dctyu,1
117362004z8kuks,1
117372004abgfrs,1
1173750020ib4cx,1
11736800fck3azx,1
11736800farnju,1
11737700fej22hu,1
117368001tlnmmw,1
117367008gw065s,1
11737700g2kqy7y,1
11737700608jfus,1
1173700023ytzts,1
117377004rj4h1u,1
117367007jjq7ds,2
1173680020ssbrx,1
117370009oy2uxs,1
117370002dv90bu,1
11737600ai2ryou,1
11736700c3nvhas,1
11737300cqzlvsx,1
11736300bykea2x,1
117377005ti4i9s,2
117366009sds61s,1
117377002j81svu,1
117363009yrhvgs,1
117374008qvpwus,1
117377005b8klgu,1
11737700d9lehvx,1
11736600aubhm4w,1
117362001rgb2ax,1
11737800ci47gu,1
11736500ewmc5ju,1
1173760047iytcu,1
117365004863x8x,1
11737200fpeuzjx,2
117362001tjktqs,1
117372008smo5bu,1
11736200a8itf2x,1
117367004q8e9vx,1
11736800g7ouj3x,1
11736800d7lubxx,1
11736200465g2au,1
11736700c6a1rxs,1
11736600appb1s,1
117362005cevrnw,1
117366008bnlt3u,1
1173680032q6hms,1
11736600c4ly17x,1
117371003x1akiy,1
11737200b98etu,1
11737100fjab74s,1
11736200e0z4sns,1
1173690063miqtu,1
117370007ov091u,1
117366002lxqcvs,1
117376009m8vtqs,1
11737000dbqacps,1
11737400gh58b1s,1
117367001f07t4s,1
11737400bu1hy9x,1
11737600341hhdw,1
11736300ekgg45y,1
117370004z594ls,1
1173620048405rs,1
117369004u5tzqx,1
11736200cjzpcju,1
11737200290l7kx,1
11736900eeqo2is,1
11736700bvf0gms,1
11736300ev6gycu,1
1173720019acjws,1
11736700btqzyks,1
117372006sezhou,1
117377006kblnkx,1
11737700g5q4tlu,1
11736200cop3yfx,1
117373004hg8zmx,1
117370009aj5j4w,1
11736700gcy4o7u,1
11737300cy6cb8s,1
117365009ve7bru,1
117369007d1oj8x,1
117375001rpa4ys,1
11737500fdffgus,1
117362005l9ajvx,1
11736200azio59u,1
11736600ffh43ys,1
117362004h7jvox,1
11737700c12fees,1
11737100vq37my,1
117377004p0nday,2
11737700azce9cx,1
1173690051tpeps,1
11736600cfchhms,1
117368007e1x7bs,1
117378006e7l1ms,1
117377003o8xxxx,1
117374001logkus,1
117369003ng7rgy,1
11736200f5vwi7s,1
11736800b4tk2gx,1
11736200cttv62s,1
117368001c1da4u,1
11736200cqub01s,1
11737400d50lkzu,1
1173650032u73fs,1
11736500ahugqbx,1
1173740020t0nsw,1
11737200b83of6x,2
11736900b7htq2u,1
11737700cnlgxju,1
117369004qc1hxu,1
11736200enfgv2s,1
1173680019xq4ns,1
11736200118632u,1
11736200ifmucs,1
11736700ehxyrgs,1
11736300f5rrvru,1
11736600c1x4igu,1
11736500a2wwj8s,1
117366009qrpz5s,1
117367008xhvkiu,1
117373005o0nwdu,1
11737400acvojxu,1
117366006nu1nmx,1
11737500bvc67hs,1
11736200bd8ya9w,1
117376001ng9jqs,1
117377004m1dpuu,1
117377004yg5o3x,1
11737000aipj79w,1
11736600c6q1aux,1
11736200gc8ux4u,1
11736700deyjenu,2
11736700euqnuss,1
11736900geiaahx,1
11737600au7fbau,1
117363003krj39t,1
117372003nx8n8u,1
117377002jhsp0u,2
117374009444jju,1
11736900e5r0tzx,1
11737100bp8bfpu,1
117372005ggy2s,1
117377006mbxo6u,1
117373001u7ezpu,1
11736900evsy9jx,2
11737400dvzqzxs,1
11736200dotqvjs,1
117377002kw581u,1
11737600d8t4l2s,1
11736300aw9kn8s,1
11736600b7i1xau,1
11737000b29n2ix,1
1173620045jt48s,1
1173650066heceu,1
11736300avjfnlx,1
117374007km3ctu,1
11737700et7aedu,1
117366001ri8fls,1
117372007w9ogks,1
117362001abgjbs,1
11736800blbnqx,1
11737200gdlrj4u,1
117374006mp8qlx,1
11736700dkjzpzu,1
11737700afsimlw,1
1173660036pwyxy,1
117369001ecygrx,1
117367009lntr3s,1
11737000a2t8u8x,1
11736800gi6m5cu,1
117373009uo4n4u,1
117371003nbmx5u,1
117376001gx54ex,1
11737200a5afjos,1
117368002fec2xu,1
11737200zsldqx,1
11736300g98se3u,1
117363001nle18s,1
11736800do9ql8x,1
117365008ftf5as,1
11737700f4s6ylx,1
11736600fzut62u,1
11736200emg1nrx,3
11736200g8m2fcu,1
117362003blp52w,1
11737700f14t0pu,1
11736600ex8o5zs,1
117371001udqeys,1
11737000acj1fju,1
117362001nhegtu,1
117362006j4n9gx,1
117377004wvxe8u,2
117367005kuav7x,1
11737800exo31us,1
117362006gqgh8u,1
1173710040sjxis,1
11737600c5cqvrs,1
1173660057m9a8u,1
11736200bkt2fax,1
1173620079w636u,1
117366003ubjgsu,1
11736300crqf8cx,1
117377002lbducx,1
117373001v0wg6u,1
11737700fhhuw3s,1
11737400ak99j6s,1
11736600dl1dru,1
117371008bufs7u,1
117371009l1bclu,1
117370004e95iau,1
117362003qqbfru,1
117366009s9zp6u,1
11736200ecq930u,1
11736900fuhkcju,1
11737500dybbhsu,1
11736700838xrew,1
117377001d81hwx,1
1173780013zwuax,1
11736300a9otznx,1
117371002zudnyx,1
1173770088x819u,1
117365003xlymu,1
11737700d7u1jlu,3
117370002lenx5s,1
117367005z4wsms,1
11737400eef4cks,1
11736600aes2uvs,1
11737800dckguvx,1
117366002iztb6x,2
11736500dk1d6nu,1
11736600cryz17x,1
11737500g79xf7s,1
11737500bf7lfyx,1
117377008s8kfqs,2
11736500ema2b9s,1
117362008d0h4sx,1
11737100axcn9ls,1
117366008xf653s,3
11736500a2mu54x,1
117377003cvk8zx,1
1173620036fnimu,1
11736700fpxmc6s,1
117377003hk07ls,1
11736600aa2qbqs,1
11737400cwzgr8u,1
11737400e3q8wbu,1
11736700d45m38s,1
117377008agaabu,1
1173660087di01u,1
117377001b9pvpu,1
11736600143uw5s,1
117366001ponf9u,1
1173670029pvovs,1
11737100cujt7ou,1
1173620090yiu4u,1
117372009udquhu,1
117371004cygaku,1
11736200cuen7ts,1
11737800fgzk2cx,1
1173770026n2bfw,1
11737000yegvru,1
11737700g9f31ys,1
11737600gkn3px,1
11737000c2fh4hu,1
117371001vzmwfs,1
11736800uwxxcx,1
11737800gcr542u,1
11736900c3kbn7y,1
11736200gj36ziu,1
11736200gbvjnhu,1
11736200985vi2u,1
11736800e8pz8rs,1
11736700cktd1ps,1
117362007xl6wqs,2
1173760033qs59s,1
11736700dehe3cu,1
117372001hf5bnx,1
11737800357dfls,2
11737700c1xi6wx,1
11737200ekft25s,1
11736600dc7tivs,1
11737500450imgs,1
117367005clv3yu,1
11736500cpkem8x,1
117367004u9a29w,1
117366004zk9d1u,2
117366001obfsyu,1
11736200ddn373u,1
11737500dflwlqx,2
11736700v1nrzs,1
117366005st2q3u,1
11737400glp1xw,1
11736300coexxeu,1
11736500bjpf5ru,1
11737700bc6hunu,1
11736600b7f7xbu,1
117365006q4pb4x,1
11737700ueqvix,1
117370001j8pq7u,1
1173630045kveix,1
117371007a9nm2u,1
117369006jp3su,1
117372008uvbkas,1
117367004uteu,1
11737700d7tbzmw,1
11737200b138dxs,1
117370005lci3nw,1
117366008n6czss,1
117377002bgs2wu,1
1173770018zrvrs,1
117371003si6swx,1
11736700afwla7x,2
11737200e8f9dgu,1
11737300bedlh8x,1
11737800bzr95fx,1
117370008ro839u,1
1173690069x292s,1
117377003f96xeu,1
117367004b2z0gs,2
11737700bir4gjx,1
11736800ed0eprs,1
11736700c9qzcws,1
117371005mjgs4s,1
11736600anpk5tx,1
1173770094cww6u,2
11737200bx4r30x,1
11736200ew8mcqu,1
117375005v56dys,1
11736700areg1ju,1
117362004dypn8u,1
11736700c1dzkqx,1
117366006v915su,1
11736700iut8ex,1
11737200qs6y3s,1
1173670052y6yus,1
117372009exz7ds,1
117372003tec9zx,1
11737600f5116ux,1
11736600e8etw1s,1
1173750084hbqxs,1
117370009l8mz7s,1
11736600frb7rcs,1
11737200g5fm6lx,1
117371001x698qs,1
1173760079rsvox,1
11737100dkkvs5u,1
117373003dbukpw,1
11736600e1xa89s,1
1173680020hnrns,1
11737100ddipais,1
11737400ds47uns,1
1173630065x8yqx,1
11737800ep7bzrs,1
11737400d04uf6x,1
11736200bww99mu,1
1173720050cza8x,1
117367005lak1xu,1
117364008am3cms,1
11736600a3zwybu,1
1173770013t0pks,1
11736500ld66yx,2
117377006q1904u,1
11736200auqa3tu,1
117371005ljfwau,1
117362001xlxfcu,1
11736700b0km91u,1
1173620062g2pqu,1
117372006w3wl4u,1
117367002acktlu,1
11737700elisp3x,1
117366001ej9bss,1
11736200f2pm19s,1
1173620023fhqu,1
11736200evy46py,1
11737200wkb87s,1
117370004329klu,1
11736200ecz1biu,1
11737400dbqirbs,1
1173700079ceg4s,1
11737300cuxav4x,1
11737500bgsabiu,1
11736200d6zivlu,1
117377005wcf5ps,1
11737100cxc4bns,1
1173720077ewwvu,1
1173670036u881w,1
117378008axzas,1
11736200ecw0g5x,1
117378003ifbmns,1
11737100dm1topu,1
11736600aj8j1ms,1
1173770024n20nx,1
117377005cawx2s,2
117363009dh1a6x,1
1173660013ybmdu,1
117374002c1ykks,1
117367003xq1cps,1
117367002o5emds,1
11737700fdy205u,1
117371004mvanux,1
1173730021dlh4x,1
117377009w57kru,1
1173750044z8cku,1
11736800bwo8ldu,1
117375005kznqls,1
11737700f3alyox,1
117367001b1lvju,1
11737800af006bs,1
117373001q1q19u,1
11736900bwqt8ax,1
11737400d105cfs,1
11736200g1kqwku,2
117370003mhssjy,1
11737000e5ig82s,1
117366007qj4fex,1
11737500eck904x,1
117363004ukuy0u,1
11736300c3mk2nu,1
117363005wdv2zu,1
11736600cpuh4fu,1
117370001g9fwjs,1
1173630094nv59u,1
117377005bphz0u,1
117362002kc8e5u,1
117377005j3x9ku,1
117362003xibkhu,1
11737000fa0t84x,1
11736600bp40dpu,1
117362009dwr9ls,1
11736600bpajvau,1
1173770030bajbu,1
117377008fneebu,1
11736700dcyqohx,1
11737700277431u,1
11737000a1e8f7u,1
11737700mp2uyu,1
117363003nxczgw,2
11736200gasewiu,1
117372008q8xq7u,1
117373005xw0c5s,2
11736700bgrj6ls,1
11737000d0pvips,1
11736700ekjo8fx,1
117365006e6rqmu,1
11737100doncn0s,1
117367005brfffu,1
11736200fvjils,1
11737800b2ng7gy,1
117377008f1u30u,1
11736900endp3su,1
11737700eds3o6u,1
11737100ax90p6u,1
11736200ezm93x,1
11737000g6tk0ku,1
117371004bmmyhu,1
11736200dbbsjsy,1
11736600ciie8gs,1
11737800bj5246x,1
11737000bc01kuu,1
11736400708fbxs,1
11736700f00d96u,1
1173670024k8inu,1
1173690074ec5ws,1
11737200g91c0s,1
11737500e3owbju,1
11737100b40v35x,1
11736300ep6uxzx,1
117362008ukzgrs,1
117372001wkmo3x,1
117362006cx8ix,1
11737700bu3hofs,1
117377002vjygrx,1
11736500eziozuw,1
11736200b11j9u,1
117367003cchkhx,1
117363004y89kqs,1
11736700b0e3ysy,1
117362001p97o5w,1
117367002xu8pqx,1
11736300blzjnhs,1
11737200ayidvau,1
11736700cr9pbxs,1
117362009kxx66s,1
11736900h2m11u,1
11737000aroy7nx,1
11737400953sjtu,1
117378004qsz64x,1
11736700b6zwg6x,1
117371007kogabs,1
117377004mlfu0u,1
11737000duvolbu,1
1173700065eiqau,1
11737000a4shhuu,1
11737500exdr0vs,1
11736600df827ix,1
11737000bjsov5s,1
117366009xnasx,1
11737100bcz71iu,1
11736600ekwlirx,1
11736200gboja3s,1
11736800cy1t3zu,1
117370001vihals,1
117362003ienn6u,1
11737200cthmkox,1
117375008okpqdu,1
11736800e6ku9ox,1
11736200fmedxau,1
11737500b7jaits,1
11737300ca400sx,1
117372002oqzu,1
117363003whrpmu,1
117370003xvslqu,1
117366005pswbss,1
117362005j39xgs,1
117376009ox7y6s,1
11737000cuycsnu,1
11736200dg5lj3s,1
117362005tvplmu,1
11736800g6rusu,1
117365001yx7gau,1
11736600bxofp6s,1
11737700g0agjos,1
11736300cplox0u,1
11737100if1uex,1
117365008cu1wrs,2
11736200edta24u,1
11737600eyvzxju,1
1173710056xtuts,1
11737500ekowf4x,1
117362001wtf5ru,1
1173620019poips,1
11736200a3795s,1
117364008djf8us,1
11736500as3jf8s,1
117377001rx29js,1
117362002y4mo9s,1
11737300btz52gx,1
117376005qn9ics,1
117362005thbbzs,1
11736700af4tbwu,1
11736200elieqxs,2
117378004zqgvpw,1
11736500fiovo8x,1
11737400en3ijlu,1
117369007r4c82u,1
11736700cxqgsss,1
117363004rku5ex,1
11736500ebo3j1u,1
11736600mhvg0s,1
117377005ike4nu,1
11737300fuw8l9w,1
11737000bot3pfu,1
11736700bokizxs,1
11736700czew0yu,1
11737700do3uhhs,1
117371003ig6m9x,1
11736500fef1unu,1
11737600bark2du,1
11736200d7p9n4u,1
11736200cls9ygu,1
117367005dug6gx,1
11737600bd5ng4u,1
11737100d0os5gu,1
11736200f6s7omx,1
11736200baqwies,1
117368005pfvyns,1
11736700c6kgjfu,1
11736600g650kxx,1
11736300sbx25s,1
1173620048m6lxx,1
117377009h22hps,1
11736700ed75mos,1
11736800elm0gpx,1
117372005bcavoy,1
11736700aodkcgu,1
11737200ftadd9u,1
11736200br9u20x,1
11736300e6l14xx,1
117375008d7ca7u,1
117375009kcpryy,1
117367003d27t4x,1
11737100aeppy4x,2
11737000484dacu,1
11737500ellm6ou,1
117363003aembrt,1
11737100ew7nqtx,1
11737300aha3hzx,1
11736900byqtv7x,1
1173770087fuybx,1
11736700g8l8agy,2
1173650017ru9tu,1
1173720038u7wqx,1
11736700c31d36u,1
11737300e3hotps,1
11736700dpstk3u,1
11737400cj3ucs,1
117374004n860zx,1
117377006y44wcu,1
11737000g654dvx,1
117378007n752hu,1
117369003oz2ils,1
11736700dr5iuss,1
117363008s1gdeu,1
11736200hs67hs,1
11736600eqhop2u,1
11736200b49me5u,1
117371001bm6clx,1
11736300ej7f2gw,1
11737100dfd60vs,1
11737100exi1eas,1
1173660050780ps,1
117374005pveg3x,1
117374001gm4q4u,1
11736200cnt69lu,1
1173670094gztcu,1
117373001c7p20u,1
117378009x8fsfu,1
11737700bj3bg1s,1
117369003or7v7s,1
11737700ahbv0fs,1
11736800be9x5iu,2
1173670017e6pis,1
11736600b1tzcku,1
11737800fa7rwas,1
11736600eo14mgu,1
117366004ptdd7x,2
117367009aryucu,1
11736900aesqdcu,1
11737500tb3r6u,1
117365003d0xi5x,1
11736200duo68kx,1
11737000g5bcq7u,1
11737400bdyktju,1
117362006w55ovs,1
11737700auir9vx,1
11736900cchwxks,1
117377003pbmphx,1
1173690040m4h1s,1
11737500ej1f29u,1
117374002n0hivw,1
11737400enlr2wu,1
117377006rhsjst,2
117366008m5wf0s,1
117372008a2uhds,1
117367003ig6d6u,1
117377009d24qnx,1
117363002xzpa3u,1
11737400cqnmp5s,1
11737700wqzczu,2
11736200c2q7w1x,1
11736200byv6ouu,2
1173680099zvyyu,1
11736500d9d26sy,1
117371002jbdzxu,1
117367005zx2qus,1
117373006c9apry,1
11737600en396cu,1
11737600693bmfs,1
117371002o4zzuu,1
11736200a2jy0ms,1
11737000b53fuxu,1
117364007w18iis,1
11736300arraycx,1
1173710072c2vaw,1
117367006j8wogu,1
11736800g08b59s,1
117364008k9b7xs,1
117377006l6sznu,1
11737700399v6px,1
11737500b1xu88u,1
117362002x52obs,1
11736700uvgmps,1
1173670040k6qtu,2
117363006ec2wdx,1
117363009asek3u,1
1173710050idqqs,1
11736300bn2pdoy,1
11736700d2cn8wu,1
1173720093b302s,1
11737600as3ttrs,1
11737100e3b7ydx,1
11737500cz2hg2u,1
11736200dv55hds,1
117366001t9yms,1
117373003x982os,1
11737000ffsqhlu,1
117369004k8m4ns,1
1173720018mdbms,1
1173700079auw4u,1
117367008db6tgs,1
11737100ajyb87u,1
1173620044kyf4s,1
117369004w0qbps,1
11736700bdtft9x,1
11737100bw9vfxx,1
117370002ev1las,1
11736900612uabu,1
11736800fyizivu,1
11737700g72d8kx,1
11737500f6kdy6u,1
117370004jx7cau,1
11736600dl5g3ys,1
1173700014n8ys,1
117367003ldey1u,1
1173660040r1n5x,1
11736600bhvlzzs,1
11737700b62fpfu,1
11736500c8honms,1
117366003ftru6y,1
11736700am1s6xu,1
11736700gcxobbw,1
11736700dfuo3ru,1
117362007axlz7u,1
11736700am9hs4s,1
1173660033chgu,1
11737000fhybp3s,1
11737100ft8h3ks,1
11737700bxs6ycx,1
11736900fse8rzs,1
11736700e644cyu,1
117362009klm6hs,1
11737200bdgcdmu,1
11737700cc97ius,1
11736600bmx7iku,1
117371006fhnwau,1
1173710029jyurs,1
11736900dw84e0s,1
11737100j20b0u,1
11737700bb3w6ms,1
11737700eeklgxu,1
117362005k3xguu,2
117374002dah6os,1
117370001c7wpfs,1
11737800cmhdc7s,1
11737600dlt0pay,1
117362002bf0ysu,1
1173750055rcv9u,1
1173630017xotns,1
11736500bvfkhnu,1
117366007xj6fcs,1
117362007gujyns,1
117372001ll6mwx,1
11736900gc8en3u,1
117373004k8zzyx,1
11737600ec46afx,1
11736600dqibriy,1
11737700chwdqys,1
1173630055t383y,1
117366009zlpvms,1
1173650084o6qpx,1
117368006imj86y,1
117378009tc9os,1
11737700f7bh83s,1
117372001ssia7x,1
11737700dfkt4gx,1
117367008w5vtis,1
11736700blei3mx,1
11737200bm1fp3x,1
117368001jkiwbx,1
117377001g0zn7w,1
11736700bskr1tx,1
1173630081va5us,1
11736700f8v3nts,1
11737100f2hodhx,1
117366005zfi18s,1
11737700c8160kw,1
117370009900ux,1
11737700a8xttrx,1
117363008o8gvhx,1
11737700cmxp4u,1
1173660058j0sws,1
11737700ef04fku,1
11737100gd6x9tu,1
117362003y8e3ds,1
117371006gkozjx,1
11737100aaq8hjy,1
11736900bazi77s,1
11737400g5shssw,1
11736200dzga8ru,1
11736900eosdtps,1
11736200aolkqks,1
1173650059ejvbu,1
11737100fs3r1is,1
117372004x20mkw,1
11736600el2qymu,1
1173760017x5s7s,1
117375009g0c9su,1
117367001m62b9u,1
11737500eh5ssws,1
11736500a5dpunu,1
117363005y3opqu,1
11736700ckcn4du,1
11737100d5o5k3w,1
117377001cdufxs,1
117372001200tyx,1
117362004ilw6cu,1
11736300c7yy4jy,1
11737200amgriws,1
11736300fvw2rhs,1
117372002n8tvgx,1
117369009qb50zw,1
117376006ttsu6s,1
11736200ggzf9oy,1
11737500fa86jqs,1
117371008nwokkx,1
117368002fswsu,1
1173750019zrqms,1
11736200ew0ywxu,1
1173630067urn0u,1
117369008m9z8ls,1
11737100ctyfw3u,1
117363004hkq8ps,1
11736200ctrpb3u,1
117363004sj3rrx,1
11737700mijbiu,1
11736200agmj8ks,1
117369008kwnmfx,1
11737000bix3piu,1
11736800ckvk72s,1
117366006z27cms,2
117372004dcjwkw,1
117366001p0jk6y,1
117374005k62n2u,1
117372002oen4yu,1
11737400bmnkngs,1
117377008icv05s,1
11737700cxj6jxu,1
11736600cmuuy3x,1
117371004dpiubs,1
117365009f8hytu,1
11736200ejy1l3u,1
11736300ggzggrs,1
11737100d1hjhns,1
117372006anfbbw,1
11736200a5kpwkx,1
117368005v0kexx,1
11736200dbqi5bu,1
117372004nq6gx,1
11737100d3y0lmy,1
1173760079ibx,1
117367008gg72ds,1
11736500ehzp5ws,1
117367009ie3k5s,1
1173620061ohr5u,1
11736700t3s6ts,1
11736800fyhartu,1
11736700b2v2a6x,1
1173690051nxg9u,1
11737700azmqneu,1
11737400d5fdzmx,1
11736600cxic40x,1
11737700eirsngs,1
117367003833y0y,1
117377002dhs5hs,1
117366003unkf6u,1
11736900b76vtzu,1
117377003efasuu,1
11737100ft6lycu,1
11736500cs1cpux,1
117371007yjm79s,1
11737800fn0yiqs,1
117365004c4fb1x,1
11737100dm1koxy,1
11737100cvcaafx,1
117369003ccpi2s,1
117372006jh7vu,2
1173710075yt34x,1
11736600689ea3s,1
11736900prnk8s,1
11737700a0pmk6s,1
11736200dmh13tu,1
11736700ee15vrs,1
11737100a9jgp9s,1
11737700310e5lu,1
117373004mmad0s,1
11737100kl6lyu,1
11736500f61868u,1
11736300dc6gheu,2
11736500bmll08x,1
11736500a2iu5bu,1
117378005uil2gs,1
11736600fp0lb0u,1
117363003obrlss,1
11736300a1a10su,1
117363009vbmq4u,1
117375006o5y4cx,1
117366001ks605u,1
11737100eel3fox,1
11736700cj7axds,1
1173720084b3fms,1
11737100f1pv7js,1
11737100bc7vccs,1
117369002zu6y6u,1
117366001fx863u,1
1173700056j8tpu,1
117367005zhgs,1
117370004zuqkhw,1
117362008ctw0qs,1
11736200ef7u5zs,1
11737500cyw13pu,1
11737200836srxx,1
117373006360dfu,1
11737200dz5q0u,1
11736200er4cprs,1
11737200f9qq6rs,1
11737100x2ksts,1
117366005o4hxrs,1
11736700evv7pss,1
117378002z61f3u,1
117368008n6rm7x,1
117371004ebmfw,1
11737700cwl6zhx,1
117377006ibkyzs,1
117370002ut8rnw,1
1173720034xtw6s,1
11736700clvaseu,1
117367009rqdvvu,1
117374009odp5ps,1
117374001xj4u2y,1
117367004io6ywx,1
11736200bm12zrx,2
11737100bahz0xs,1
117367001fb4f8s,1
117367001ejprvu,2
11737100cjtkcky,1
11736200cppf50s,1
11737700fqpw0lx,1
11736200b3f078s,1
117377007f7t0bu,1
117376007n1bods,1
117370005e93yhs,2
11736300cttvdxu,1
11737000ds5axax,1
11736700e9m0xnx,1
117372009dt5cau,1
11736600fetr1ys,1
117367007dpadu,1
117378008g1mlls,1
117367002tkh00s,1
117369004yde3as,1
117370009a2v6ou,1
1173740062ed0ix,1
117366003cupfix,1
117370002artofx,1
11737600dxraa1s,1
117377002kp3c6u,1
117365005sgn49x,1
11736200ejby6qu,1
1173750010nhyes,1
117371007cn3mms,1
11736200aylnqls,1
117378001pv1ysu,1
117367007cyfrnx,1
1173770036sf1nu,1
117370007xew4du,1
117366008t7w1eu,1
1173770021ii87x,1
1173620040u6q3s,1
11737500cuhgccs,1
11736700c6uaphs,1
11736200fa10pzx,1
1173760050i6mfs,1
11737100648dk1u,1
11737100bsg9wlu,1
1173710056epyws,1
11737800dvzqbts,1
117366006902dru,1
11736200bxqd4es,1
117376002cj4yfs,1
11736700cph6pts,1
117371003jeg79s,1
11736700b3fmy8u,1
11736900f1bs8s,1
117371008io382s,1
11736600crzm3uu,1
11737700e58m83x,1
117362004jqc85u,1
11737000bu3enmx,1
11736900anr4e7s,1
11736700g6vam8u,1
117367004nes0gx,1
11736800c5tjjjs,1
11736700asevrpx,1
11737700efbx8lx,1
1173620087vszqx,1
117377009mebmpu,1
117367003ksz9u,1
11737500e1elcds,1
11737400bu1ovgu,1
117371003ee4ubu,1
11736700eorxq2s,1
11737700765limu,1
117377005girw5u,1
11737700djsdltu,1
11736200aju9k4u,1
11736700bpwijqx,1
11737500kl72dy,1
11737100a51fd8u,1
117371002022hgu,1
11737300g2n7d3u,1
11736200c1ar18x,1
117367003xntc6x,1
117366003s5itvs,1
11736200e952bcs,1
117367009d5wxyu,1
11736200e601wcu,1
117362003itwblu,1
117362007o8dbys,1
11736500d8zwp7u,1
1173690097f9yks,1
11736700etogl6x,1
117371003ej4ecu,1
1173770099y6lqu,1
11736700cpdz4jx,1
117363007cilnru,1
117377004ecl3fs,1
117367006ch84us,1
11736600cxphlmu,1
117370008v1ouuu,1
117362003v3vmns,1
11736400bohivos,1
117366005jvcxfu,1
117369006c5vevx,1
117363007f2qpqx,1
1173620044vx9tu,1
117370009e1f1zu,1
117362005gc4uns,1
117366006gphxds,1
117362005ekdnsu,1
117362008xbfvyu,1
11736600crca30u,1
117362007klpsvs,1
1173770060g9txs,1
11736700kpt1ms,1
11737700299v8yu,1
11736700e37qnyx,1
1173700015lt80y,1
11736600yf7n1u,1
117365002og5nlu,1
11737000e3qe1mu,1
11736500880focx,1
11737700400gtbs,1
117376001u2tl4s,1
117362003211liu,1
11737000589twsu,1
117364007fs9nax,1
11736700aahyy9s,1
11737500366miow,1
117367001fd781u,1
1173640084utxps,1
11736400fhaxp7s,2
11736200e5sz44x,1
11736900g1kicku,1
11737000duqj0pw,1
11737600b8vmqqs,1
11736900897305x,1
117367008velzls,1
11736900d4o6idu,1
117363003567qgu,1
117363006gln4xu,1
11736300cquti9u,1
11737800aumehys,1
117370004kftpms,1
117372008wtbrbx,1
117377003ifk0is,1
11737700gctesbu,1
117364006kgs9wu,1
11736900a4p8uus,1
117371006q2fnau,1
11736500bnh2zjs,1
11736300a98d7u,1
11736900df1y2gx,1
117362003urh0gs,1
1173630033rlrwx,2
117371009fjx9vu,1
11737200cl1xmms,1
11736800djjkn5w,1
117362004kuhfes,1
117362001rvhugw,1
11736700dxawjts,1
11736200chmhpts,1
11737800aehcafs,1
117372001tunnpu,1
11737600dpe1vwu,1
117371004qjf23s,1
11736300fplclms,1
117365007awq9wu,1
117365008jub2ts,1
117370009i2wubs,1
1173620090eh2ns,1
1173730034o7e8x,1
117373006kfkx1u,1
11736700f33bkpu,1
117367009pgxrzu,1
117377009p7dh9x,1
11736600eslg0xs,1
117367005dnzuws,1
11737400jlav2u,1
11737100ftvtosu,1
11736400343mocs,1
117377007qctzs,1
11737700bre3kyx,1
117363003geg2gx,1
1173690074hgnks,1
117377009p73buu,1
117365009wikd9u,1
11737100bg3k5ls,1
11736800ctuiimx,1
11737700g8n2wlu,1
11737100g05iucu,1
11736200at4gxps,1
11736300dr045ju,1
117372007c6e7tu,1
11737100e786tgs,1
117362005giwezu,1
117376002wqavs,1
11737500f1ygyou,1
117366001e29nyu,1
11736600azzrbiu,1
117367003oc2lzu,1
117362005fz06ts,1
11736800ai3gkzs,1
11736400620na9w,1
11736700huk86s,1
11736700dk3d2iu,1
11736300e9grmfu,1
117371002uzp56u,1
117375002lbn66s,1
11736700dg14dds,1
1173630013980dx,1
117367007q7s63u,1
11737500f5cyk1u,1
11737800cigktqu,1
117362004shthnu,1
11737000aeedw9s,1
117367001fxs0ex,1
11736300d42bi8s,1
117376001i5qaus,1
11736600dufd2hs,1
11736300cngafuy,1
11737300d4nyt1s,1
11736300duxkqxu,1
11736600a1boggw,1
11737100cynow2u,1
11736500eo11t8w,1
11737000g7hk7ox,1
117376003uhrw7u,1
11736200dbxgecs,1
117377009jrl52s,1
117365006cfqa6w,1
11736700169odds,1
11736700ba6ggpx,1
11737600dvm12zs,1
1173620094kuc3s,1
11737400bb5wogs,1
11737100bdxb0yu,1
1173620039ozjzs,1
1173770076iyj7u,1
1173630020szxyy,1
11736700o1pqtu,1
1173770021458xu,1
1173740036cjpds,1
117376003r4gj6s,1
117366003b14e3u,1
117367009is8w7s,1
1173690050z55xs,1
117372002eswfrs,1
1173700046lnqu,1
11737100e1aiq0s,1
11736200ddt6zvs,1
117362003egrlvu,1
1173680068vzr5x,1
11737000b8qepxu,1
11736700ae07s1s,2
117375003spvrix,1
1173740095tul8s,1
117374008vcm5yw,1
1173670063xfadu,1
11737600bfzo1vw,1
11737000cs3h0du,1
117377009yy527s,1
117362004isjykx,1
117368002bnv47u,1
117365008eihdfu,1
11737000f1upvmu,1
11736600f2w8sbs,1
117366006i5kx3s,1
117365003gxb1qx,1
117371005q1tpiw,1
11736700a8fsf9x,1
1173650021ejnvs,1
11737500d85lhks,1
11737000986atju,1
117363009d5hgru,1
117378005xotudu,1
11737700dngsw6u,1
117371009gs83xu,1
11736600bck25cu,1
11737100471kmys,1
117368002qmdnts,1
11736300ehi552u,1
117374008f7ruqu,1
117377002r7c8fu,1
117373006egp1ks,1
117376006vq691s,1
117374003f4d2is,1
1173740019xq4ss,1
11737300civ5h9u,2
11736200cp2m1ou,3
117377002sdlvou,1
11736800b6ksaux,1
11736900ge6hzqx,1
117368006vklu4x,1
117363008uj0qfu,1
11736700a2e8mpw,1
117376008pp030x,1
11736200e74ry9u,1
117371004m5kw4x,1
1173670097dzg5u,1
11736600e4bl2kx,2
11737500ezlf0x,1
11736600dgfszdu,1
11736900ev6gxfs,1
11737100976k4cs,1
1173620098uy4mx,1
117362003rpvfrs,1
117371005ohlss,1
11736300avosu6s,1
11736200645g6fs,1
11737500dvgoiqu,1
11736900f9x6k9s,1
11736700biltras,1
1173660025ijghs,1
117367007mtpcsu,1
117371005fy48mu,1
117369005h39cfx,1
11737100bvzecus,1
117367003yapt7u,1
1173710052ynmx,1
1173740054snjvy,1
117367007ay825s,1
11737600e21529x,1
117372007g8zghs,1
117371002wk9fou,1
1173660085xe4xs,1
117369006vt6hlx,1
1173630066gexks,1
117367001ou6shu,1
11736700f0cpews,1
117367009qwsdku,1
11737700xva1xx,3
117365007qkigs,1
11737300fiunuos,2
1173650010c7zu,1
11736600d21mimu,1
117367009l8li4s,3
117376008j0y3ys,1
117369005uio79s,1
11736300bessu7y,1
117367002ac536u,1
11737100b9fwowx,1
117371005wq42es,1
117377007kk59es,1
1173690034ddf1s,1
11737700gi1mfrs,1
1173620055zeg2s,1
11737700bismubs,1
11736200277bwu,1
11736800t415zu,1
117377008rkdswx,1
11737700bdoy6qu,1
11736600brbqr2x,1
11736300gcc53au,1
117371009ck1r1y,1
117370007j6f1vx,1
117362005vit0uu,1
11737500edx49nu,1
117365006auqrpu,1
117362008qzx4tu,1
11737700dch82pu,1
11736300fqvfc7u,1
117364004rlgflu,1
1173700051zmezu,1
11736700d6dwhlx,1
11737700dx9f0yu,1
11736200eqnulju,1
11736900aazk3eu,1
117370001aspr3u,1
117362009ja4h9u,1
11736400bu5kk5u,1
11737100ecz0gqu,1
11737400fhyices,1
11736700ffa312s,1
117374009qmngwu,1
117373006wkhjsu,1
11737700a9d0fls,1
11737200e3hlpku,1
1173720021gav8u,1
11736200fo5bp2s,1
117368004fx68yu,1
11736700m0ynus,1
117371001p3liau,1
117366007scfgqs,1
117371002t70kds,1
117376002pdxcku,1
11737200d1rkqdu,1
11737000gfo52rs,1
1173770033k4eiu,1
11736200au2sjis,1
117375006atevys,1
11736800cjdaacu,1
11737500d2yms3x,1
117377006gr0qdx,1
117377002nbwubu,1
1173670091seqku,1
117375002rhgtds,1
11736600bcwiruu,1
117367003owbbdu,1
1173770027o8l7x,1
11736700gc7trds,1
1173710013vq75u,1
11737300bjzp92u,1
11736400dwi8is,1
117375006xgk3es,1
11736700d78zl0x,1
11736200cllvfbu,1
1173680033hsmms,1
11736200eixmwyu,1
11736600airl2ny,1
11737600f9n33ww,1
117367001lv1p6u,1
11736300hkih8u,1
11736700bvi0mnx,1
1173770013mqars,1
11737200be20lxx,1
117367003scekou,1
117377006iivesu,1
117370001pj2qas,1
11736200f335yzs,1
11736600d7m8pas,1
11736600enq4lvx,1
117362003hqb0ds,1
117371006lfh41u,1
11736300coexx7u,1
11737800cb6sa0s,1
1173760048zw71u,1
117366008nwp56y,1
117370009b1thvs,1
11736900emuegws,1
11737800xdyzts,1
1173620020odgcs,1
11736900eke5les,1
11737300gf1koqx,1
117367001ct98lw,1
11736300fibzrps,1
11736500cwdtbjx,1
11737800c0443yx,1
11737200gbu0xlx,1
117362002ccpecs,1
117377008mnoqby,1
11736800evuo2hu,1
117362004txyszs,1
117362006sbohyu,1
11737700e0fjq5s,1
117371008d4y8js,1
11736700bypr2kx,1
117367002fv4tws,1
11737000fdqc0es,1
117367006ccipjx,1
117367005xo5q1w,1
11736600e7rh0ps,1
11736600g9u0y9u,1
117377008vrmehy,1
117377002zikkuu,1
117374002hcvczw,1
11736200eqxprws,1
11737700vjg2sx,1
11737200cqv4kju,1
117370009ww7wps,1
1173710096jn9eu,1
117367001l7w7lu,1
11737400d0zi17u,1
11736700f51xaws,1
11737100c1nuk2s,1
1173620017zekfx,2
11737200oeglos,1
1173710033vgo1u,1
11737100601shtx,1
117362006bykypu,2
1173700076boves,1
11737000bkvrdku,1
11737600fxea5ks,1
11736200aifnn5u,1
11737600yq547x,2
11737500566lsx,1
11737100d7mvxfu,1
117365008oyy23x,1
11736900ncmutu,1
11737300z2kw5u,1
11737300eib2qtx,1
117375003mhaw3s,1
11737700dp7f7lu,1
11737000blqt0ps,1
11737700gflmxhs,1
117377003f69os,1
1173760049alzqu,1
117370007wck6qu,1
117362009rsyllu,1
11737100bk5p9ww,1
117362006cktzbu,1
11737400asd6sbu,1
117370005jdr7hx,1
11737400ba91szx,1
11737100f6q1hbs,1
1173770049no1lx,1
117376002kmisls,1
11736600e0uwyss,1
11737300f86rs1s,1
117376008om7xvx,1
11737200abq4e2s,1
117374005leqq1s,1
11736900efbyy7s,1
117377003s198by,1
11736700bxaqkms,1
117367004r9a9cs,1
11737500fuau0lx,1
117372005wyc50y,1
11736800a9tewds,1
1173620036vdzds,1
117371001hrd5ds,1
1173720073ckqix,1
11736200galy4ps,1
117364001vvc53s,1
117373002if8iwx,1
11737400bv2gfdu,2
117377003860w7u,1
117371008mamg3x,1
117367001jsgamu,1
117372004w0lpgx,1
1173710093url1s,1
11737700ayiwffs,1
11736500gh1ld7x,1
1173630029z3iaw,1
1173650069rhs3s,1
11736200cplp00u,1
11736300cpsiuju,1
11737400cpcpjns,1
117362006i1edcu,1
1173750032hlrys,1
117373009ojp5xx,1
11736700ew91rcu,1
117370005hsqqlu,1
117363002l73eyx,1
117376002knx2us,1
11737200cfkqv2s,1
11736800b096evs,1
117376006akny4s,1
11736200gja1zcs,1
11736600afwncrs,1
11736900dpcc90u,1
117371004906o3u,1
117367006vvygds,1
11737700cypeuau,1
117371001intgju,1
1173620061d1pus,1
1173750074vy5w,1
11736500aj6hehx,1
11737000bhwwdvu,1
11736600c8zhbms,1
117365007gzcpox,1
11737700a4ld44t,1
11737300bmcvtqy,1
117373003r4184x,1
1173770098r2hes,1
117363002e28au,1
11737400c603ybx,2
11736700aieo3js,2
11736700a3yfh5u,1
11736200226bh5s,1
117373005bvf5pu,1
117368002diucss,1
11736200dsa1pws,1
11737600dv7qy1u,1
117363001jhb5xx,1
11737800lj0f3s,1
11736600cvwo72w,1
11736900389uudu,1
11736200dfcxw3s,1
117366003t2ons,1
117363003t1wtpu,1
117376004u6hwas,1
117373007h4stvs,1
11736700fw52cxx,1
11737200d26k2zu,1
1173620046lrw6s,1
117368003tp8zbu,2
11736600eosw7gw,1
11737800efo4pes,1
11736600fd3e9sw,1
117362002icwkss,1
11737700d55anpu,1
11736200brpsazu,1
117365001yb0h2s,1
11737000f8maiu,1
11736500166sezs,1
117367005r59p8x,1
11737200zsq0sx,1
1173760044a532s,1
117364001afaxhu,1
11737000dr19ws,1
117362006o08rqu,1
11737700f3y5y2u,1
117367009rmai1w,1
11736900dbksqmu,1
11736700ej8hpgx,1
117367002ezcv9u,1
117366005oz8a2x,1
11737300g94is2x,1
1173730048xyldy,1
11736700g9c61u,1
117365002146gau,1
1173770036u3l1u,1
11736500d8n097s,1
11737000dtny32u,1
1173770013ajlrs,1
117369005n8xz9s,1
117363007vhn1x,1
11737400a0t8wrx,1
11737700b7rgq7s,1
117376009hkit3u,1
11737700cz03n7s,1
117365002hhw57u,1
11736400gbi97rs,1
11736800zhktku,1
117366008cytwju,1
117367001xl2dru,1
117365009ornbhs,2
11737700eaihpxu,1
11737200e7637gs,1
117377007fxmo3x,1
117375002x37evu,2
117376009napozu,1
117362001nf73zu,1
117370009wxxl7u,1
117376005crv4ds,1
117376007o2en7w,2
11737200fuydxnw,1
11736200e6c9kdu,2
11736300d3oco5x,1
117363008fowc7u,1
11737000fvr4t2x,1
1173710031exxrx,1
117372005vpsbou,1
1173730015hmsfs,1
117365001ur9bqx,1
11736200fsznihu,1
117373008g7zutx,1
117362003dt6rgs,1
117362004ry6m9u,1
11736600dp2qb5s,1
11737100fixfyew,1
1173670044nb4dx,1
11736700etcna0u,1
11736200adqz39s,1
11736600dnis8ps,1
11737600w3m3bu,1
1173650058oeqeu,1
117362009cjwahs,1
11737100coybw2u,1
117362009nf3ku,1
11737700bonazjw,1
117372009ceh86u,1
11736700etrggbu,1
117365001zn8b0x,1
11736200372aews,1
1173760011lfg1s,1
117371001jrncus,1
117376003n4n52x,1
11736900dhchlrs,1
117377003o64qmu,1
11736600a3iosou,1
117368002kzekcx,1
117366009u4roru,1
11737400bemddus,1
117367001lkytmu,1
11737100f2udcus,1
11737400ah8t7jx,1
117362001za4nix,1
117365001nyp8nu,1
11736800557fccx,1
117370006uzkvrs,1
11736300bj1ywsx,1
117362003c57jas,2
11737600ej7ftqw,1
117370009xwv8as,1
11737000coe9mbs,1
11736300bymyvdu,1
11736900b85mpyu,1
11736500f0yt3ku,1
117377003ccdptx,2
11736700jtul3u,1
11736800en4fnjs,1
11736200cpyjr8s,1
11736200axnhxus,1
117367003nisiou,1
1173670086q2hs,2
117368009mjhgos,1
117369004xtnczu,1
11736200dpe1y7u,1
11737100b4q5q9s,1
117362009my1j6x,1
1173670097fww4u,1
1173700054isydx,1
117365001mu724u,1
11737600gcbm7qs,1
117366006audpdu,1
11736700a7k6iks,1
1173630025vm3lu,1
11736300616c6es,1
11736300bvdwzgx,1
117376005peoqbu,1
11737600wxemgu,1
117377001yt8c5x,2
1173770024mubvu,1
1173670015npp7x,1
117362006dko5cs,1
11736600312bn5x,1
11736700a6evbu,1
117377002bxtvku,1
117369003agzaus,1
11736700fxp0gls,1
11737200e7h7dhw,1
11736900frfpmru,1
117371006gu4hix,2
11736200b7m3uju,1
117366002znuihx,1
11736500fcitywu,1
117377003hp8zlx,1
1173770040648x,1
117366009sn9tqu,1
11737000g22atcu,1
11736500dd26fys,1
11737000b6fga7u,1
11737700m9d55s,1
117369001xasg2s,1
11736200d8h3y6u,1
117370007qmf1ms,1
1173660036lud5s,1
11737000cyxriwu,1
117377003uzoczs,1
11737700b94wfu,2
11736200bpzz8os,1
11737000tnm5zu,1
117371008ja61gu,1
11736700jzumry,1
117374008c9caru,1
1173700025bsgzu,1
11736900dcyiv5u,1
11737600gf931ux,1
11737700bxvr9nx,1
117367005lskyyx,1
117376001lh4d0x,1
1173680059v27yu,1
11736300actcnbu,1
117376009jx6gss,1
11736800807fnyx,1
11736200cg7gy5u,1
11736900cvr3hcx,1
117365003aanhu,1
11737700fpoiaju,1
11736200ei8bels,1
117365001mp9wiu,1
11737400bnzwpu,1
1173700010ypgkw,1
1173700049ubv5u,1
117366004b819bu,1
11736500344hjlx,1
1173680011edwgu,1
11737700fkyuzu,1
117378004l9fj8x,1
1173700010nzktx,2
117375002p5qmes,1
11736600b4htqos,2
117362002wlklyu,1
11736600b9t626u,1
117365001yrbdws,1
1173670026xrius,1
11736200b7jjhis,1
117370005flc6bu,1
117373009i8qjkx,1
117365007e992au,1
117363001jwta5u,1
11736600g9vdv2x,1
11737500fxa80os,1
117368001xajkus,1
1173620095tunrs,1
117374007847chs,1
117368008xuu3qs,1
117363009egifvw,3
11737200b0c5uhs,1
11736200c0rwvfs,1
11736200a1v0lss,1
11737400chnj5os,1
11736300gdz038u,1
117371002iqe94u,1
1173690018pd2os,1
117371006iaa69u,1
117378007h5klcx,1
11736300234gkks,2
117374005iiheku,1
11736600bci5c4x,2
11737100dcxff5x,2
11737100fww2izx,1
1173690013ne59s,1
11736900be15kxs,1
11737600etv6x2s,1
11737400gixyjut,1
11736200yrn2mu,1
117364009a8gkhw,1
117373009dpmumx,1
11736300579sxqs,1
117367002dzkk0u,1
1173770016bn2os,1
11737200aw8zmju,1
117365001o2jeju,1
11737600blby64s,1
11736900dhyshrx,1
117365006rs3wms,1
11736300cvihytu,1
117369005qzlfvs,1
11737700gb40c4u,1
117369008gmz7ox,1
11737500er4ifgx,1
1173710014u9bts,2
117371003v4c1os,1
11736500dv18wqw,1
117366003wwdzgs,1
117370001nahc4u,1
117363002kdy13x,1
1173630085qcxps,1
11737100etunt0s,1
11737500ancq2nu,1
11737700fe075zu,1
11736200dpqz34u,1
11736300b26epdy,1
117377003aj3wsw,1
117368007r6p6iu,1
11737200cqwtiws,1
11737100834w1vs,1
11736600amfzd4s,1
11737500ekrdrku,1
117362006mm0wyu,1
11737700fvypytu,1
1173720094cpihu,1
1173670034r3g7y,1
11736300deh5l1x,1
11737100fb9ktwu,1
1173770064vircw,1
117371003ocda9s,1
1173670032jwfqy,1
11736200bw3f7jx,1
117370001q9mnyu,1
117370004w5vb5y,1
11736600f5alnqy,2
117371003vhrf6u,1
1173700066h6j9u,1
11737800cgiejfu,1
11736600bjxcf7s,1
11737500d1e1qlu,1
11737000gdlho2s,1
11737600c28q9js,1
117377004v4yw9s,1
11736500af2kv7x,1
11737100bf87mqu,1
117362005zrwg6u,1
1173740071uxsyx,1
11737200dce518u,1
117367007hak9iu,1
117362001nhk34u,1
117363006n6svzs,1
11737700fxtp07u,1
117370006l992fu,1
117369005qaenfs,1
1173720059ejmuw,1
11737500g49mr1x,1
11736700a7eayss,1
117371005utar1u,1
11737600eh6seeu,1
117367003e9qoks,1
11736600dw5k9ks,1
11736800d1t1ypu,1
11736900a6bwx3s,1
117362002tkyntu,1
117366008gvsiix,1
1173690012y40ou,1
117372004qmip6s,1
117372005swoyws,1
117365004gkbgcx,1
117363008jymajs,1
11736300e70wm9w,1
11737700b1s21bu,1
11737100fo87b0y,1
11737000dpc3sju,1
11737100ep257au,1
117366009ds7eqs,2
117378004yir26s,1
117373003s4h6mx,1
11737700d6ev6jx,1
117372004l8kiux,1
11737600f89n1ls,1
11737200axy7s8w,1
11737500ft0et1u,1
11736600dqtvqiu,1
117377009565crs,1
11736800fuho1nu,1
117366005tbpskx,1
117369002kbtthx,1
11737100e7htozu,1
11736600azyvfbx,1
117377004fxlj5u,1
117373001az0sis,1
11736600ayygesu,1
11737600ebxsugs,1
11736500a7vg9ou,1
11736500axjq72u,1
11737700b5w5snx,1
11736900ed3q5nx,1
11737700bz9kfus,1
11736700da7i5fu,1
117365002pjl40x,1
11737700156a6rs,1
117367003bxwq0s,2
11736300b76o8du,1
11736900e9wh1ws,1
117363002qxttwu,1
1173780028c8uds,1
11736700fsa66zs,1
117376007qqur2y,1
11736900b4ssmqu,1
117378003b98oku,1
11737400bc8f8xx,1
117367002z0dgwx,1
11737800dlkap5s,1
117366009f6ctps,1
117369005hki2xs,1
11737200bravu5y,1
117370004xfpxcx,1
117368005x2qqjy,1
117372009ivgnsu,1
117362003u0ow1u,1
117377008hk0f9u,1
117372002a9tgru,1
117367004i9ehgx,1
11737700frswp3u,1
117364006bd5dxs,1
11736900bw8ztys,1
117362009a0u0fx,1
11736200dv18tvs,1
11737100bgk9sfs,1
1173720095mzucs,1
1173720042n7omu,1
11736600dnclmgs,1
117367001ick8mu,1
11736700gg39vtu,1
117362002z7n04t,2
117369004rtlkzu,1
117366002pv172u,1
117363009r5kolu,1
1173670051eb43s,1
11736800cl2srfu,1
11737200gjb1hsw,1
11737100f7m23is,1
117375002berimu,1
11737600fprp8ms,1
11736900blz68as,1
117377009rpr5ns,1
11737500ef9yilu,1
11737300dx5npxs,1
11736600dy0mlgu,1
11736600eefkjds,1
11736300cqigkhu,1
117366008sdg5ay,1
117377004mnkzuu,1
11736500e3dlmmu,1
11736600er1ryis,1
1173780024k8w7s,1
1173740088y2qms,1
11737500cx5j02s,1
117375006ndztqy,1
117376009gaflis,1
117362006m0evks,2
11737700785a45s,1
11736700byl7jyu,1
1173630029ej5mu,1
11737600g484dvs,1
117378004mghzhx,1
117367005ymwhlu,1
11737100f3362as,1
117367005gnef0u,1
11737700epwn0dx,1
11737300394em5x,1
11737500cod3zru,1
117366005242zvy,1
11736800g9hd23w,1
11737000463sgcu,1
117362009esaeu,1
1173670052jq9u,1
11736200bnu27bs,2
11736200fuat1tw,1
11736600bpgn9pu,1
117369002sq8yby,1
1173750024ozlju,1
117362007mmtdes,1
1173670018i4xx,1
117378005xphoms,1
11737600exz7dps,1
11736800e9rq29x,1
117365009f9zsss,1
117377008pzqeps,1
11737800aj8ej6s,1
11737500dka1tqu,1
11736400js5m0x,1
11737600bjhkpjs,1
117372009de8ygs,1
117378006ajzbwu,1
1173630043rtwfu,1
117367004s0o8px,1
117369003kven4s,1
1173650074297rs,1
11736400a705lxx,1
117369007o7jxju,1
117377004eagyls,1
1173770013hlxgx,1
11737400778p3vu,1
11737400d8f7btu,1
11737400c8mp0ru,1
11736300gd4ym2u,1
11736700b3wkhlu,1
11736900g57htlu,1
117366006rfq8xu,1
117365006art3fu,1
117377005zcf6qu,1
11736900g25xoeu,1
117372009qfutou,1
117377002sp5qsx,1
1173670069lcgju,1
11737200dz5kpzu,1
11736900dph1b1s,1
11737500sl5udu,1
11737700eku69zx,1
117370005ju6mzs,1
11736400duhf7ms,1
11737000c0ky6zu,1
11736500b3bcm8s,1
11736300cjpa6bw,1
11737700gh6qh7x,1
117371002953nis,1
117374006d8cldu,1
117375002jhfjgs,1
11736400acpx0nu,1
11736200dbboebs,1
1173670099zqb9s,1
117362006cwjd0s,1
11737800a4wm97u,1
1173660068l8y1u,1
1173690091jdjjs,1
117366008amxiys,1
117377006egspts,1
117362003e3diws,1
117367006dqq9ts,1
117372008mgzqs,1
11737700czu057x,1
11737600ehqhagu,1
1173740050q1urx,1
117362008satss,1
117370004eruyzs,1
11737000831fv7x,1
117371008pzpyms,1
117369006w9gsvs,1
11737100aydfhxu,1
11736900fh24prs,1
11736200c8ib69s,2
117377004w7eqjs,1
11737600yxuify,1
1173710033kc6rw,1
11736200isf0ss,1
11737700bhyenfx,1
117370002s6t35s,1
11737600dctklou,1
11737700f6dfj7s,1
11737600and64x,1
117377003tahs7s,1
117373007f7ki0u,1
11737000edz97ou,1
11737100bmg0i9x,1
117367009hdnzrx,1
1173670059jm6ks,1
1173690080l4qvu,1
11737000am0a5iu,1
11736600eppkitu,1
11737500fqmrz7u,1
11736500dkbrytu,1
11736300hvfzmu,1
117367005vyw5uu,1
117362002ku0txu,1
11736500bgl3vgw,1
117369005t7envs,1
11737000e21v09u,1
11737100g70wjys,1
11737000fcutzeu,1
11737000co4q4hx,1
117372004tfrohu,1
1173660020jdlzx,1
11737000cm13a4u,1
117367001u8lvps,1
11736200eurohqu,1
1173700065vq5rx,1
11736700bl8i1nu,2
11737200fifg6is,1
117362006g6688s,1
11736300bkp6o9s,1
11736500g392d7u,1
11736700b6ivrnu,1
11736600f91166s,1
117377004fagg1s,1
11737700e2axd3s,1
117375008w27uqy,1
117377003wv27ss,1
11737000b6jpohu,1
11736900e4k6hbs,1
11737700a8ch0ay,1
11736600ceq2tsu,2
117371004z8ziks,1
117362005fh5imu,1
1173770088jpzqu,1
1173680069n2z3s,1
1173700096as6wt,1
117365004ny4v7s,1
117370006tesums,1
11736300cp69lwx,1
117377009xy8uhu,1
1173630047xqxyu,1
11737700eb6xcju,1
11736300402xy2u,1
1173740017sd3ls,1
117368004vsd5ys,1
11737000aqx31uu,1
117372008jn93hu,1
117363004qdd5us,1
11736300ft336ms,1
1173660049vo82s,1
11736700e94dtcs,1
11737700263ktix,1
11736600e2rh2ws,1
117365001ghhpds,1
1173770074gswhs,1
117363008y7hx0y,1
11737700ec2flru,1
117377003wupn9s,1
11737000auk293y,1
11737000gi2ijyu,1
11737700cz8wrsu,1
117363005vntyx,1
11737600vvw7vs,1
11736200zpjd8s,1
1173690019asrpu,1
11736200c45a35s,1
117375007hzc8us,1
117377009ac58cs,1
117377005p04uzu,1
11737700fbxmafx,1
11737500awzbi6s,1
11736700czo3vru,1
1173770057lwuju,1
11736800fc1kss,1
1173770025w2i8x,1
117362006hbz39u,1
11737200991klru,1
117371002n8h34s,1
11736200eoi0rys,1
11737000ebeg5wu,1
11736700c3w79fx,1
117369007rtnkps,1
117369003kpmwps,1
117367005cebix,1
11737500816tb9u,1
11737500chut1s,1
11737100fvgmiox,1
11737300g62t68s,1
117377003zogqax,1
11736200ik3mas,1
11737700gdjdhu,1
117370004ierftu,1
1173710021qxtqs,1
117376005811fju,1
117377007jwkhys,1
11737600csvcsgw,1
117363005xlu18x,1
117366008fqok7s,1
11737700eurg06u,1
11736300ft892cx,1
117366009ng7qu,1
11737200cy29qeu,1
11737000a46jj2u,1
1173730096p5c3s,1
11736600gcvrnls,1
11736700xrhc9u,1
11737600cjoavds,1
117365001vrwx0x,1
117370003lm3zzu,1
1173720035trl9s,1
11737000e07xfbs,1
1173690021eg9zw,1
117369005r2w10u,1
117369001z29ygs,1
11737100bdz81qu,1
11737500e5p3e7s,1
117371001j4fyey,1
11736600gdwvfou,1
11737700ctpurau,1
11736900e6t0pgs,1
11736500f7p7sjx,1
11736200b4gafpu,1
117367001cglvzu,1
11737400adcunxu,1
11736700bvm6b0x,1
117362003t55c2s,1
11736200ckh5dku,1
117362006k8tc8u,1
11736200cud9xzu,1
117362009rqksfw,1
117362005eeljzx,1
11737400djcungu,1
117374008pzptkw,1
11736700e86jcu,1
11737200evrgahx,1
11736200aaooc9u,1
11737500bjvul4x,1
11736700fbel8x,1
11737500ba754ss,1
117366002ka398u,1
11736900cwlzfxs,1
11737200lyky1w,1
117367006kp183s,1
117377009pw5wyu,1
11737000b77i8mx,1
117370005b0m5ox,1
117377003ekit0x,1
117367002hruqbs,1
11737600b1m9o8s,1
117373002mq7pgu,1
117367005esqrsw,1
117362001epf6xs,1
11737300enfm9ew,1
11736300gd4n7wu,1
1173750052yi3nu,1
1173700095azt9u,1
11736600ds05hvu,1
11737100bcbfoyu,1
11736500a6u5gyx,1
11736600unxscu,1
117366004writju,1
117377009r64yjx,1
117362004f2edss,1
11736600vbqceu,1
1173670024mmizu,1
1173730014ampku,1
117364004o59xeu,1
11736200evh5vgs,1
11736700er2cdcu,1
11737700dzhrdvx,1
11737100etfhv3s,1
117367004rp4sys,1
117366001l2l9is,1
11736300b9z6yru,1
11737600fhfk8xs,1
11736200d4cufps,1
11737000ddyxuox,1
117374003iqw5bs,1
11736300edlubgx,1
11737500508l6rx,1
1173700030leeru,1
117367001j3uhos,1
11736200dz5u7au,1
11737700fwub9x,1
1173770035rmfny,1
117376003ghbnbs,1
117377003uz52jx,1
11736200dcs3gku,1
117362002v8hgku,1
11736600cgohp2u,1
11737700673rjxx,1
117373009de9y9u,1
11737700cwvl0ju,2
11736900bxeerru,1
117377005xrtoqs,1
117367009dwpags,1
11737000cnzoeuu,1
117366004c1tv1u,1
11736700f74eou,1
117375009rbkrps,1
11737500be3hlqu,1
117362009eqa4ux,1
117366009fxknxs,1
11736600f886os,1
11737700cq6wr1w,1
117371005cwnmnu,1
117371005djqhiu,1
1173620068vyswu,1
1173710065mbgcx,1
117369003d7zq9u,1
11737700crtn2nx,1
117370005jvkvu,1
117370002xs774u,1
11736300faj916s,1
117362007zx5tgu,1
11736300b22zthu,1
117363009f2h6ku,1
11736200c4q0pax,1
117368004fhpq5s,1
117363005isk5vu,1
117366001u6gpos,1
11737200107hg8u,1
11737300wywn5x,1
117365007tnvrrs,1
11737300b525e8x,1
117367005ckdk9x,1
11737000g9x82uu,1
1173670026bhtrx,1
11736300a8c4lus,1
117368001wlx6wx,1
117362009sr9kxs,1
117377008k0jd0s,1
1173740050in5eu,1
117370006ljnuvs,1
11737700ffwh3lu,1
11737300e2og9sx,1
1173770032iq7xx,1
11737500bw2fbpx,1
117363007c5kiu,1
117370004ysl3yu,1
117365003xqda8s,1
117370008tk486t,1
117365004iywltu,1
11736200b0areyx,1
117372003ifbubs,1
11736700gax3s,1
11736700aehuupu,1
117377006p4o8ku,1
11736900diy4d6s,1
117367009op50ks,1
11736600er11bau,1
117373005lysxtx,1
117365008wssnvx,1
11736700e76hamw,1
11736200at0jvus,1
11737400gdy50pu,1
117377005q4a1xu,1
117372001kz875u,1
11737100e932fxw,1
117363004w93axx,1
11737300cptue4x,1
11737200fj7xiwx,1
117369003onb15u,1
11736600cs58nts,1
1173660097fp63x,1
1173780032h0qis,1
117362008324vhs,1
11737000typ04u,1
11737700gi8ggxs,1
117367003yzilks,1
1173620010ffmxy,1
11737300ffdx47x,1
117362003mx9h4u,1
1173700055zadmt,1
11736700496axxu,1
11737000f6hhs9u,1
11737500eh77ueu,1
117371003p7uhu,1
117378005whiaws,1
11736200fiv3hwx,1
11736800clunlfu,1
11736200bddctew,1
117362006lgb7sx,1
117369006l09eby,1
117367008nd73gu,1
11736600bxoneuu,1
11737500d88cffx,1
11736800a935ixx,1
11737200etul8qs,1
117371007f8ze1x,1
11736500ey41ugu,1
11736700fgb4vfw,1
117373004iw49ys,1
11737700e5owhpy,1
117368005no3doy,1
117362002ns7a9s,1
11737000m6j4gs,1
11737300ehmndmx,1
11736900vbxywu,1
11737300crcp8ix,1
11736600c8ma2vx,1
1173680064895iu,1
11737400da0fcat,1
11736200ave9hbu,1
1173660096h9w7s,1
117370001ksgryu,1
11737800dpjxj1y,1
117369005kbg54s,1
117369006v0gfcs,1
117367004005s5s,1
1173620050r3nku,1
117367009e0zg0s,1
11736400e6mzasu,1
11736700a7epjou,1
11736200fdqz9as,1
11736600drisa4s,1
11737700fqazmpu,1
11737700c7wwe4u,1
117373008pauv6x,1
11737700cj9q3fs,1
117377007pxpqnu,1
11736200a9rtpwx,1
117376006od3wnu,1
117363007cmo9gx,1
117371006uq8pxu,1
11737800fdolnpx,1
1173760046i35os,1
11737100c5dr87x,1
117367002sijesx,1
1173660090zxyeu,1
117367002nbf7zs,1
117375009fain4x,1
117366005wyfs7u,1
117377003af0pls,1
117369003awiws,1
1173770054890s,1
117365002hcvu7s,1
117363009redzmu,1
117368002nrdf3s,1
1173770022k1gmu,1
11736200c76o4vs,1
117367006pr73is,1
11736700exxpk5x,1
11737500b5fxvts,1
1173770017ih1rs,1
11736900cugcors,1
11737100accfcjs,1
11737100cq0x0mu,1
11737500byteodu,1
117375009fuc81u,1
11736700ecuxtfu,1
117372008mi4bxx,1
1173720059e6owu,1
117369003ff23ts,1
11736600a519thu,1
11736200zslasu,1
11736600ge746mu,1
1173770010e8ptx,1
11736700aypdrcv,1
11737700g8ht5dx,1
117368003r2xxas,1
117376007njrcou,1
117366008kxy0du,1
11736200fstc26u,1
11736300629716u,1
117366003xomyex,1
11736300fn26e5u,1
11737300aozwf8s,1
11737000azz3uqy,1
1173710027csnhu,1
11736200cvlst6s,1
117366005y5ji7s,1
117369005n4t51s,1
11737100apnoqus,1
11737700950aadu,1
11737700351wi7u,1
1173770015o2bbs,1
117377004mhd3tu,1
117366005hsyfvx,1
11736700ee2ymds,1
117366008nybb3s,1
117367003rm933u,1
11736800a41orhs,1
117362008ilizqs,1
11736900c7kwbpu,1
11737100ap03zbs,1
11737500dv3a66x,1
117366005lknm9s,1
11737800ez7ewxs,1
117366008ssg9qw,1
117367005xwqa2w,1
11736300g8zmu4s,1
11736800cni8l4u,1
11737000ervb7xx,1
11736400c2nn2zs,1
117372009s2ks,1
117365002ogkuku,1
117377009vxos4x,1
117368003iqw1pw,1
11737800g9xobjs,1
11737000dyr0hiu,1
117362001dw9lku,1
117363008mmy22s,1
117377002igzuhs,1
11736800crlrbws,1
117371009wk003u,1
117377007ko8n6s,1
11736700fm1px8u,1
1173740040t41s,1
11737100k4dv3s,1
117366009qb5nry,1
11736200xdw2px,1
11737100eremv2s,1
11737100a9wrhhu,1
11736900ct23d9u,1
11737500afp3zmu,1
11737000dsdnmgx,1
11737600a8gcous,1
117375008b2pj1x,1
1173680034kk7mx,1
117362001qtff9u,1
117370007kbctes,1
117375001ugjpju,1
1173690014kmzis,1
1173670084dqaqs,1
1173620018e0sss,1
117363009gjvaku,1
1173660044y6ngs,1
11736200dp5gh5u,1
117377009v6p7su,1
11737500a2pu0wx,1
11736500g5in4qu,1
11737400brdwl8u,1
117363009pgln6s,1
11737000cofw03x,1
11736200f1ylxls,1
11737200mmileu,1
117362005emqrhu,1
11737400cpbho9x,1
117363009g1uw7s,1
1173690057eev7s,1
117367009431qes,1
11737200fkb5k7u,1
117367002ybxx0s,1
11737600ecptcxw,1
117376007v7e6yx,1
1173650045ijaau,1
117366001f21y7s,1
11736300fwiy4zu,1
117370002r8nc6x,1
11736700g083jnx,1
11736500gasr0es,1
11736600631satu,1
117377004y8whis,1
117369006rm5t4s,1
117363002lpckcs,1
11736600272l9ju,1
117370001gaxzis,1
11736200cofb75u,1
117369008lt2ais,1
11737000a6suimu,1
117371003neyfxu,1
11737700bihgdfx,1
117374002kmr6ks,1
11737700akuovqw,1
11736200ee0rcex,1
11737300d39srts,1
11736700axwiy4u,1
117373001cb16sx,1
1173760045b7y5s,1
11736800g5ghodu,1
11736700bukshus,1
11736700bx8628x,1
117366005mwg8bs,1
1173760090vtvbu,1
11736400dkaoa2s,1
117363005twwuku,1
11736700fpvmd5s,1
11736600ckyao1u,1
11736200dt4vkbu,1
11736200fzaryqu,1
117369008lrf11w,1
11737700dt6suys,1
1173670094zotxs,1
117373008u7oknu,1
117378006gw9umx,1
117367009hp6xou,1
117371006h3s3ku,1
11736500ag90n7s,1
117372002tmw4hu,1
1173750095bezix,1
117362005dypn7x,1
11737200aan3dhx,1
117370009hgn0cx,1
11736300aiw6nhu,1
11737400biq9gjx,1
1173770097gznas,1
117378009n6ehgx,1
11737700fyfktau,1
117362001zwj82s,1
1173710064inzjw,1
1173630016drjpy,1
117367004u8fjas,1
117372008hi2xlu,1
117371004bxbsps,1
11736900aac5wnu,1
11736200d67yfou,1
11736800crw7jes,1
117377002ev2dru,1
117369001amdmtu,1
11736800c3sehvs,1
117371005yes65u,1
11737400cxnzo9s,1
117377005qbkkfs,1
117370009xcd6pu,1
11737700dsw37qx,1
1173620055ea8tu,1
1173670068myohu,1
11737300d1mff6w,1
117370003rnckrx,1
117372006eijo4x,1
1173740097ukjls,1
1173730029moebu,1
11736200exmck0u,1
117365003445geu,1
1173780059wzmtx,1
117374009ddu9bx,1
117367007rznncx,1
1173630050h0z8x,1
11736700ehkac0x,1
117375002an3wju,1
117374003q3dy4u,1
11736500atzhn8x,1
11737700euiovns,1
117366009msd53x,1
117375008z6nrau,1
117365006t6ii9u,1
11737500374y1uu,1
11737700d7jhdyx,1
11736200btsxacu,1
117362006ikhv8s,1
1173710054181bu,1
117365003yn64cx,1
11736700byegjwu,1
11737100f6g01hu,1
117377002a5pxfs,1
11737100apuptss,1
117362002hhl6fu,1
11737700ecye9eu,1
117372008urdpxu,1
11736600bwpjx5s,1
11737700g3ncjas,1
117374003oivgru,1
117363005frc4cu,1
117365001nu3w1u,1
117365006kdbd7u,1
117377005o8fszx,1
11736200cxapyou,1
1173770030qyhys,1
11736600be57c8u,1
117370001otkacs,1
117362008fv471x,1
1173770088wogau,1
11736600axcmhas,1
117376004156yvu,1
11736900f90vwls,1
11736900eqi8p1s,1
11736600a6i5hws,1
11736300gc5t6eu,1
117377005f7pzqs,1
117367009h2y4nw,1
117366009qrybfs,1
11736800cuwvo6u,1
117362004ub9vgs,1
1173770053r5shx,1
11736200fxdv5ys,1
117366005mskhiu,1
11737100errpi7s,1
11737300b8o1t1s,1
11737000gclhehu,1
117378008libprs,1
11737600c918xx,1
117362004m8svlu,1
11737200f62gups,1
117362003t5kzys,1
11736300ayb2ors,1
1173660037wzz1s,1
11736500bnr61hu,1
117362004to6peu,1
11736200c9ywux,1
11737000dyernys,1
117363007puhtcu,1
117362002meti0u,1
11737000d8dw4ax,1
117362006o9o2hs,1
117373005i9sdeu,1
11737600aqdoyhs,1
11736900fz5279u,1
1173680063md5ms,1
11736500fv4u36u,1
117374007yd0lvs,1
117367006nj98kx,1
11737000eob02bs,1
117371003262bcs,1
11736700f8i69is,1
11736300giqgnhu,1
117371001eqaps,1
117371003r2ytzx,1
11737700cpf1ksu,1
117366009qmedfu,1
117372007ua6dwu,1
117377005sjupgu,1
1173700071empyu,1
11736900cangwpw,1
11736200eb6xajx,1
117378008a2grjs,1
117370004bed4ju,1
117363003xe64bs,1
1173650062558ks,1
11737000d5nu5ls,1
11737100ds6ktfu,1
117366009ff4grs,1
11736200b1hrprx,1
117377008ri5tpx,1
117370005fl1lru,1
117377008m1m4ls,1
11736300cq64zu,1
117363009ljo65w,1
11737400aw5t7xw,1
11737300bajcebx,1
117371008lboocs,1
117368009wuxllu,1
1173770053wdr9w,1
117371006l3gqcx,1
11737100auvaw3u,1
11737000aynxmmx,1
11736600a4b1jys,1
11737200gicc64s,1
11736200d2tq1qu,1
11736600eovwayx,1
11737000fyzttu,1
117373001harc5u,1
11736600cfblz6x,1
117368007ml1lpu,1
11736800ffp2c3s,1
1173720029hqycx,1
11736700aze2zbu,1
11737000818xbzx,1
117366006f3pohs,1
117362008rj7kox,1
1173620089zdhis,1
11736900dhoie3s,1
1173750060xgp0s,1
1173770029zj0fu,1
11736700bxmbbku,1
117365005gl1ary,1
11737000b0j4tju,1
11736200f66m5ns,1
11736600824fm2u,1
117362005569r0u,1
11736700d8qngds,1
117373008xgpj8x,1
11736500cdpia5u,1
117362004cy6vtu,1
117366001rvxcbu,1
11736300elagmfw,1
11737500gcnqfcu,1
11737700dtu6aox,1
11736500ed7m05u,1
11737800djdcycu,1
11736200d3ekrzs,1
117366001tsh5s,1
11737700fahag2s,1
11737000csvcv7s,1
11737000d3elrtx,1
11737700ey5ez3y,1
11736200d6jg9ds,1
11736200ddelesu,1
117377007wecpmy,1
11736900dq16gru,1
11736700dua7qox,1
11737000cws6bas,1
117369005bgotvx,1
117371004yjkzqx,1
117363003orkcps,1
117367004vwym7x,1
11736200f6yff8x,1
117366009xci3s,1
1173660046hn4vs,1
11736200aiy380u,1
117377003q135tu,1
1173720079zazvu,1
117372007l1j3su,1
117371003nc9lcu,1
11737100d2a0g8u,1
11737300lbre6x,1
1173690098kf7fs,1
11736700cd9ufqs,1
11736700nxjshs,1
11736200b4fgfqs,1
117372001n19h4s,1
11737700enf2d7s,1
11737600bmh26ds,1
117367003cmzi0x,1
117370007fqoc7u,1
11736900etoc0js,1
11736600c6ygdzs,1
1173620035aq2rs,1
11736600c8mgpis,1
117365003yzdpos,1
117376008vacnu,1
11737400dhewtpu,1
11736300c6s6fiu,1
117366006ap7wx,1
1173780060m1iwu,1
117372001gbpn5x,1
11737100fjedtkx,1
11737200akiodlx,1
11737300afcg1mx,1
11736200ajf4tay,1
117372007n8ov6u,1
117375003t24stu,1
11737200fsoycsw,1
117371001kajnws,1
11737600ajup2fu,1
117374004vzvh6u,1
11737700c5xyucx,1
11736700dg6y68s,1
11736700f8bwuus,1
11736500bet121s,1
117375004zk9fau,1
11736900cka3cqs,1
117369008rwbi0s,1
11737700815c6xs,1
11737000entcabu,1
117365007su3d9u,1
1173690068x21su,1
11737100cnxng5u,1
11737600e6rgntu,1
11737200b2r767s,1
11737100b7ofohu,1
117378003zpr12u,1
117362005jx5yu,1
11736800977rqeu,1
11736200a5hd0ts,1
11736700a8rljqu,1
117371008vj9mru,1
11737000a9nqpsw,1
11736700736y7xu,1
117371003bl85cs,1
1173630047hrkas,1
11737200dba310u,1
117370007k0kevu,1
1173670058om8fu,1
117363009dw91hx,1
1173710065m4lxu,1
117371002ygnsxu,1
117365001tu8z3x,1
11737700do6rdss,1
11736900e8lxrqs,1
11736600doym46w,1
117369009f9rh7x,1
11736200aipqams,1
117375001u7qb1u,1
117370001paaorx,1
1173650056y14xs,1
117366005au1nwu,1
117366007yx0n6u,1
11737000elwikxu,1
11737100es0vs5s,1
117372001hymsfx,1
117368006kll3pu,1
11737700d986evs,1
117377006v6vy5s,1
11737300bxfo39w,1
11736600d1cvjfs,1
11736700e29o7dx,1
1173660052agiys,1
117370007lovxru,1
11737300370u7nu,1
117371002scvrks,1
117376002hzm60s,1
11736200ak7jycu,1
1173700054e31mu,1
11736200dntrtqu,1
11737600dr39tzs,1
117362005k99ess,1
117369009u7zux,1
11737300cwqo9kw,1
117362003nnxsls,1
1173770083pyfys,1
11736800986ik3x,1
11736800eso8ahw,1
117367009xmruqs,1
11736600ckwkuru,1
117363005tozcsu,1
11737700950xv1x,1
117363006jkwt7x,1
117366004okdxbu,1
117377003m8pims,1
11737500gf7cxhu,1
11736600anpgddu,1
11737400fj60t9s,1
117366002y6cikx,1
1173720028ivzes,1
117362006n2se1s,1
117362007gyqyhs,1
11737500ff45fkw,1
11737000b2zz1ds,1
117372001ik3axx,1
